{
  "final_auc_roc": 0.47243080362567136,
  "final_auc_pr": 0.04355032768316759,
  "best_f1": 0.08253358925143954,
  "best_threshold": 0.49999999999999994,
  "top50_tp": 2,
  "top100_tp": 5,
  "total_true_positives": 43,
  "top50_recall": 0.046511627906976744,
  "top100_recall": 0.11627906976744186,
  "n_ensemble": 12,
  "individual_aucs": [
    0.5057471264367817,
    0.450414327719861,
    0.47153167602245394,
    0.530242278437948,
    0.4703409394668417,
    0.48552890573740615,
    0.5624407669315448,
    0.4806930572768584,
    0.4825885154674249,
    0.5169740711039829,
    0.47741245656241643,
    0.5240455881995577
  ],
  "mean_individual_auc": 0.4964966424469231,
  "std_individual_auc": 0.03042733588716647
}