threshold,mean_coverage_ratio,std_coverage_ratio,min_coverage_ratio,max_coverage_ratio
0.05,0.9949999999999999,0.007071067811865494,0.98,1.0
0.1,0.9949999999999999,0.007071067811865494,0.98,1.0
0.25,0.992,0.007888106377466163,0.98,1.0
0.5,0.992,0.007888106377466163,0.98,1.0
0.75,0.985,0.010801234497346436,0.97,1.0
0.9,0.8869999999999999,0.1253484033493136,0.6,1.0
