{
  "runtime_power_law_fit": {
    "intercept": -4.455359070124457,
    "slope": 1.2293166766629962
  }
}