PopulationSize,mean_runtime,median_runtime,std_runtime,min_runtime,max_runtime,sample_count,global_scaling_exponent
100,0.012,0.012,0.0,0.012,0.012,7,1.2293166766629962
1000,0.20285714285714285,0.18,0.13174650984805197,0.05,0.4,7,1.2293166766629962
3000,0.4328571428571429,0.4,0.2291807354988842,0.15,0.75,7,1.2293166766629962
7000,2.685714285714286,1.5,2.9496771413317826,0.65,9.0,7,1.2293166766629962
10000,6.542857142857143,4.5,5.690300854043116,1.3,17.0,7,1.2293166766629962
