fold,model,mae,rmse,r2
0,geometry_only,0.2529598698555802,0.30593166490999674,0.795605107230881
0,geometry_plus_charge,0.2529598698555802,0.30593166490999674,0.795605107230881
1,geometry_only,0.2529598698555802,0.30593166490999674,0.795605107230881
1,geometry_plus_charge,0.2529598698555802,0.30593166490999674,0.795605107230881
