model,auprc,auroc,best_threshold_by_f1,best_f1
Uncalled4-derived,0.9929060118782584,0.9978548046089034,0.5238954938913503,0.9637506041565974
Nanopolish-derived,0.7784035914122032,0.9011765907947686,0.4900619078949613,0.6984126984126985
