dataset,baseline_roc_auc,ka_roc_auc,baseline_pr_auc,ka_pr_auc,baseline_bal_acc,ka_bal_acc
bace,0.722226678431058,0.7459693591080453,0.6046057290009748,0.6286461027533395,0.6691264939440122,0.6948744685970963
bbbp,0.9054025197522956,0.9051355968396327,0.9622533473175706,0.9634411397801391,0.804559043348281,0.7860079009182148
clintox,0.977973137506036,0.9771232179404953,0.9448749305538607,0.9542236329824352,0.90749407720537,0.881143447763274
hiv,0.6976489959894235,0.705882805080519,0.11691563634070039,0.11713553369620515,0.6311883809432712,0.6309372928950623
muv,0.756660650708617,0.8012955485968165,0.009852854184622195,0.016216978547182577,0.6840074477490949,0.727606274226773
