chain,resseq,mean_ddg_kcal_mol,max_ddg_kcal_mol,n_single_mutants,resname3,resname1,n_atoms,ca_x,ca_y,ca_z,contact_partner_count,atom_contact_count,min_interchain_distance,is_interface
D,39,6.790016518726296,7.647565443139596,2,ASP,D,8,29.773,40.012,7.781,6,58,2.497251489137609,1
A,102,6.119447982532675,7.662922851446397,8,HIS,H,10,24.966,33.287,10.415,8,94,2.805396763383035,1
A,87,5.755834393547435,5.949457727216838,2,ARG,R,11,20.507,38.91,12.851,2,13,2.925515681038131,1
A,83,5.417600826394781,5.417600826394781,1,ARG,R,11,29.566,39.57,17.646,4,52,2.497251489137609,1
A,27,5.123760280573827,5.40684238754587,3,LYS,K,9,29.445,49.766,11.371,3,21,2.9486393472244137,1
A,59,4.486617426807358,5.243024409666778,5,ARG,R,11,24.384,37.823,-1.757,5,90,2.877266237246737,1
D,35,4.2844847008753,4.501154629660444,2,ASP,D,8,26.648,36.921,3.388,7,85,2.877266237246737,1
A,58,3.089679234368454,3.114367981336479,2,ASN,N,8,21.411,39.311,0.054,1,10,3.6967883358396376,1
A,73,2.2607885364569347,3.0091409414040218,9,GLU,E,9,20.266,44.067,8.879,2,3,4.485765263586581,1
D,42,1.8567985027337526,1.8567985027337526,1,THR,T,7,33.355,43.937,7.894,2,17,2.9486393472244137,1
D,29,1.6684242064984875,3.4689910940040063,2,TYR,Y,12,29.621,29.863,13.914,7,89,2.652377989653812,1
D,38,1.6418906346557403,1.6418906346557403,1,TRP,W,14,30.804,39.824,4.087,4,38,3.263398228840605,1
A,35,1.2596984168220087,1.4074464250020438,2,TRP,W,14,35.34,50.215,17.396,2,11,3.910552262788469,1
D,76,1.0933724343740552,1.3635606569988363,2,GLU,E,9,33.861,45.127,-2.233,1,13,2.9652266355204606,1
D,80,0.4765439991674506,0.5426153396709662,2,GLU,E,9,34.453,50.182,1.061,0,0,,0
A,60,0.09445129181509174,0.5146328017365618,2,GLU,E,9,23.064,34.219,-1.78,3,48,2.835825981967162,1
D,44,0.05644143696929537,0.05644143696929537,1,TRP,W,14,35.087,40.393,12.776,4,48,3.3462265314828863,1
A,54,-0.5278770309231547,-0.16733245032536,2,ASP,D,8,23.725,48.633,7.315,0,0,,0
