mode,num_tracks,mean_track_purity,median_track_purity,mean_gt_fragmentation,median_gt_fragmentation,mean_gt_detection_recall_proxy,id_switches_iou50,mean_frame_recall_iou50,mean_frame_precision_iou50
baseline_global,334,0.3500338900864132,0.27586206896551724,20.95,21.0,0.7847999999999999,5539,0.7893000000000001,0.9946648449957859
sparse_hierarchical,421,0.3270894437057906,0.26705426356589146,29.71,30.0,0.78555,7233,0.7883999999999999,0.9947285616045789
