high_thresh,low_thresh,idf1,mota,num_switches,crowded_idf1,crowded_switches
0.5,0.1,0.06485424172944644,0.0635,93.0,0.026619690741828145,2.0
0.6,0.1,0.06485424172944644,0.0635,93.0,0.026619690741828145,2.0
0.7,0.1,0.06485424172944644,0.0635,93.0,0.026619690741828145,2.0
0.6,0.2,0.06171586715867158,0.07230000000000003,228.0,0.02701115678214915,1.0
