method,split,idf1,idp,idr,mota,motp,num_switches,num_false_positives,num_misses,mostly_tracked,partially_tracked,mostly_lost,num_fragmentations
ByteTrack-like,overall,0.06485424172944644,0.5054704595185996,0.03465,0.0635,0.22940791315098105,93.0,4.0,18633.0,0.0,30.0,170.0,221.0
ByteTrack-like,crowded,0.026619690741828145,,,0.02100000000000002,,2.0,1.0,4892.0,,,,11.0
Sparse-Hierarchical,overall,0.05795320255258804,0.5307359307359307,0.03065,0.05400000000000005,0.23054647435703898,71.0,2.0,18847.0,0.0,25.0,175.0,190.0
Sparse-Hierarchical,crowded,0.025902668759811617,,,0.019000000000000017,,1.0,0.0,4904.0,,,,12.0
Ablation-NoHierarchy,overall,0.057514354861671335,0.5647716682199441,0.0303,0.050449999999999995,0.23518269324892024,62.0,1.0,18928.0,0.0,22.0,178.0,183.0
Ablation-NoHierarchy,crowded,0.023940345368916798,,,0.01859999999999995,,1.0,1.0,4905.0,,,,12.0
