{
  "num_frames": 100,
  "num_unique_gt_ids": 200,
  "gt_boxes_per_frame": 200,
  "mean_detections_per_frame": 158.2,
  "detection_rate_proxy": 0.7909999999999999,
  "mean_detection_score": 0.2656887615315739,
  "crowded_frame_count": 25,
  "crowded_frames": [
    0,
    1,
    2,
    3,
    4,
    5,
    6,
    7,
    8,
    9,
    10,
    11,
    12,
    13,
    14,
    15,
    16,
    17,
    18,
    19,
    20,
    21,
    22,
    23,
    24
  ]
}