dataset,n_points,weighted_mean,weighted_mean_err,intercept,intercept_err,slope_per_redshift,slope_err,frac_positive,frac_negative,mean_raw,std_raw
desi_fap_residual,7,0.0084,0.008,0.0030013623526166395,0.017337782597322503,0.006200769143829092,0.017667193505422802,0.5714285714285714,0.2857142857142857,0.004285714285714286,0.019023794624226837
