dataset,n_points,weighted_mean,weighted_mean_err,intercept,intercept_err,slope_per_redshift,slope_err,frac_positive,frac_negative,mean_raw,std_raw
desi_dvrd_residual,7,-0.008473836856539572,0.0029261721265711237,-0.023018380043064023,0.006720074598457852,0.015385716526298604,0.0063994095511728365,0.14285714285714285,0.7142857142857143,-0.0074285714285714285,0.01006408039940631
