inner_element,outer_element,reported_mismatch,computed_mismatch,abs_error
Na,Rb,0.22,0.24999999999999994,0.029999999999999943
Ag,Cu,0.12,0.11111111111111106,0.008888888888888932
Ag,Ni,0.15,0.13888888888888887,0.011111111111111127
Cu,Ni,0.032,0.03125000000000003,0.0007499999999999729
