T_i,T_j,measured_sm,theoretical_sm,residual,abs_residual
1,3,0.048,0.045,0.0030000000000000027,0.0030000000000000027
3,4,0.042,0.044,-0.001999999999999995,0.001999999999999995
4,7,0.138,0.142,-0.003999999999999976,0.003999999999999976
7,12,0.132,0.139,-0.007000000000000006,0.007000000000000006
