{
  "magic_numbers": {
    "mackay": [
      1,
      13,
      55,
      147,
      309
    ],
    "new_b5": [
      1,
      13,
      45,
      117,
      239,
      431
    ]
  },
  "mismatch_matrix": {
    "elements": [
      "Na",
      "K",
      "Rb",
      "Cs",
      "Ag",
      "Cu",
      "Ni"
    ],
    "matrix": [
      [
        0.0,
        0.1806167400881057,
        0.24999999999999994,
        0.29811320754716975,
        0.2258064516129033,
        0.3118279569892473,
        0.33333333333333337
      ],
      [
        0.1806167400881057,
        0.0,
        0.08467741935483869,
        0.1433962264150943,
        0.3656387665198238,
        0.43612334801762115,
        0.4537444933920705
      ],
      [
        0.24999999999999994,
        0.08467741935483869,
        0.0,
        0.06415094339622639,
        0.41935483870967744,
        0.48387096774193544,
        0.5
      ],
      [
        0.29811320754716975,
        0.1433962264150943,
        0.06415094339622639,
        0.0,
        0.45660377358490567,
        0.5169811320754717,
        0.5320754716981132
      ],
      [
        0.2258064516129033,
        0.3656387665198238,
        0.41935483870967744,
        0.45660377358490567,
        0.0,
        0.11111111111111106,
        0.13888888888888887
      ],
      [
        0.3118279569892473,
        0.43612334801762115,
        0.48387096774193544,
        0.5169811320754717,
        0.11111111111111106,
        0.0,
        0.03125000000000003
      ],
      [
        0.33333333333333337,
        0.4537444933920705,
        0.5,
        0.5320754716981132,
        0.13888888888888887,
        0.03125000000000003,
        0.0
      ]
    ]
  },
  "rmse_exp_vs_theo": 0.00441588043316392,
  "path_selection_fractions": {
    "Conservative path": 0.5416666666666666,
    "Mismatch-driven path": 0.20833333333333334,
    "Random path": 0.08333333333333333,
    "Reverse step": 0.16666666666666666
  }
}