{
  "amplitude": 0.9912876351431544,
  "amplitude_se": 0.13988083258823453,
  "decay_rate_per_cycle": 0.0656766227270049,
  "decay_rate_per_cycle_se": 0.010926513645373082,
  "fit_r2": 0.8930448784491182
}