depth,xeb_instances,xeb_mean,xeb_median,xeb_std,xeb_sem,xeb_ci95_low_boot,xeb_ci95_high_boot
8,50,0.6317206938771034,0.6552352553177312,0.3448092935584837,0.04876339793826935,0.5393687633213088,0.7258962424334221
10,50,0.45022974436541163,0.418797465273523,0.3223226212967154,0.04558330224974619,0.3677068721558803,0.5404071892192372
12,50,0.4568927431440281,0.4669185442735746,0.28382325904423317,0.04013867022572867,0.3775556883138555,0.5354181838883516
14,50,0.39718262457389225,0.40974278456344804,0.25997644873185166,0.036766221969417825,0.32727276599416166,0.46612533058928796
16,50,0.3680538667471604,0.3091746947245902,0.277164325647347,0.039196954833647116,0.29432405506103543,0.44732860281522707
18,50,0.2661268834768433,0.2746099123746412,0.29159297053283834,0.04123747336201982,0.18895225218863032,0.3451427771752166
20,50,0.30199973467493413,0.22639538586486585,0.3363201847692581,0.04756285666005101,0.21052157240734304,0.39278709615514573
