n_features,knn_overlap,dist_corr,pseudotime_corr
all,0.04204421891989851,-0.1460223824140819,0.0018266412797185603
20,0.04774676815271234,-0.5996655988875335,0.7114475628460235
30,0.049534855624018374,-0.5550925706526454,0.6816029339626636
50,0.04893077201884741,-0.435979096078955,0.6050447092554776
