{
  "bandwidth": 0.03,
  "train_mean_x": 5.520376237623763,
  "train_mean_y": 5.521465346534654,
  "gen_mean_x": 5.527871798510571,
  "gen_mean_y": 5.5138639318171885,
  "train_std_x": 0.27398603582975345,
  "train_std_y": 0.27167743426189944,
  "gen_std_x": 0.27315427746215626,
  "gen_std_y": 0.26625642771515523,
  "train_corr": -0.2229737229970093,
  "gen_corr": -0.20078241381811332,
  "ks_x_stat": 0.11287128712871287,
  "ks_x_pvalue": 0.32524629052124115,
  "ks_y_stat": 0.11564356435643565,
  "ks_y_pvalue": 0.3023130922203483
}