{
  "temperature_bounds": [
    200.0,
    500.0
  ],
  "time_bounds": [
    10.0,
    30.0
  ],
  "seed_experiment": {
    "temperature": 350.0,
    "time": 20.0,
    "ratio": 0.1,
    "score": 10.0
  },
  "recommended_condition": {
    "temperature": 352.54237288135596,
    "time": 19.83050847457627,
    "ratio": 0.1,
    "predicted_score": 14.799398303897666,
    "improvement_over_seed": 4.799398303897666
  }
}