,mae,mae,rmse,rmse,r2,r2
,mean,std,mean,std,mean,std
model,,,,,,
linear_regression,0.532396899126552,0.052079346276186635,0.5962211915484236,0.05036097780003525,-0.14200141493232446,0.17850001654979059
mean_baseline,0.5277002872110346,0.04892115429388674,0.5850668904429185,0.047415338261530854,-0.09645542365459216,0.14022962953447174
rf_regressor,0.6653082582728206,0.06561032686168267,0.7391192024750679,0.0603385994677092,-0.7612690695189197,0.2983113581248984
