feature,coefficient
node_scalar,0.04920369488077418
scaled_interaction,0.04920369488077411
atom_type,0.0
degree,-2.7755575615628914e-17
abs_node_scalar,-0.0906164510694868
