image,width,height,aspect_ratio
demo1.png,1024,768,1.3333333333333333
demo2.png,2250,1500,1.5
method_case.png,2500,1681,1.48720999405116
