{
  "metrics": {
    "train_linear": {
      "rmse": 0.13273006145319355,
      "mae": 0.10651159806763304,
      "r2": 0.026636550416220595
    },
    "train_ridge": {
      "rmse": 0.13273006150605735,
      "mae": 0.10651153387805361,
      "r2": 0.02663654964087736
    },
    "loo_linear": {
      "rmse": 0.14756200155030413,
      "mae": 0.11732891264703652,
      "r2": -0.2030550988214952
    },
    "loo_ridge": {
      "rmse": 0.14755500922483414,
      "mae": 0.11732331650745625,
      "r2": -0.20294108636011443
    }
  },
  "ridge_coefficients": {
    "intercept": 0.05986001597054702,
    "node_mean": -0.0006102383862226931,
    "node_std": -0.011498774714905817,
    "node_min": 0.006276229068417727,
    "node_max": 0.013900029466692781,
    "node_median": 0.006714996357652862,
    "node_sq_mean": -0.010856879340389904,
    "node_range": 0.007623800402196764,
    "n_nodes": -6.316349205833938e-12,
    "n_edges": -1.2632698411667876e-11,
    "avg_degree": 3.763747466658136e-12,
    "relative_position": 0.05453429532596673
  }
}