{
  "sequence_a": {
    "mean": 5.520376237623763,
    "std": 0.2726262952488113,
    "min": 5.1234,
    "max": 5.9012
  },
  "sequence_b": {
    "mean": 5.521465346534654,
    "std": 0.27032915083141945,
    "min": 5.1234,
    "max": 5.9012
  },
  "correlation": -0.2229737229970093,
  "generated_count": 200
}