feature,importance
4,0.06746509185000851
1,0.06630768670789647
3,0.0661640612194322
2,0.06511468022345238
0,0.06477770892688653
6,0.04837219840961324
5,0.04801501359498287
8,0.047869428379871064
7,0.047569683470995903
9,0.04612742140504184
19,0.045289006167279294
11,0.0444267034267511
16,0.04392004841995716
18,0.04389330129782796
14,0.04352955938874232
17,0.04346356962799458
10,0.042220357708285694
13,0.041911538406665
12,0.04182881103459839
15,0.04173413033371751
