model,roc_auc,avg_precision
logreg,0.9765629614581214,0.7056215364131635
rf,0.9814433611181551,0.876195635579963
gb,0.9777890224992007,0.8393300953663682
