,tc_total_hazard,service_risk_index,slr_ssp245_cm_2100,slr_ssp370_cm_2100,slr_ssp585_cm_2100,ssp245_composite_risk,ssp370_composite_risk,ssp585_composite_risk
tc_total_hazard,1.0,-0.08342602086656813,0.19988727532327777,-0.001202144504279474,0.2054399626672602,0.4788765539373506,0.4637169664368877,0.47117229755949525
service_risk_index,-0.08342602086656813,1.0,0.38034232851861166,0.0230981646753642,0.3342680558759439,0.7165545840254666,0.669823122255306,0.6774103014431938
slr_ssp245_cm_2100,0.19988727532327777,0.38034232851861166,1.0,0.5225298852506008,0.8539296074578565,0.7918256370922486,0.6493887486805752,0.7562218081388544
slr_ssp370_cm_2100,-0.001202144504279474,0.0230981646753642,0.5225298852506008,1.0,0.41016388970728523,0.2696079817958133,0.5395019501489592,0.2399900085120475
slr_ssp585_cm_2100,0.2054399626672602,0.3342680558759439,0.8539296074578565,0.41016388970728523,1.0,0.7001314294085451,0.5553752848040441,0.8155336936808885
ssp245_composite_risk,0.4788765539373506,0.7165545840254666,0.7918256370922486,0.2696079817958133,0.7001314294085451,1.0,0.8962833431446506,0.9583359454869548
ssp370_composite_risk,0.4637169664368877,0.669823122255306,0.6493887486805752,0.5395019501489592,0.5553752848040441,0.8962833431446506,1.0,0.8464415363450863
ssp585_composite_risk,0.47117229755949525,0.6774103014431938,0.7562218081388544,0.2399900085120475,0.8155336936808885,0.9583359454869548,0.8464415363450863,1.0
