scenario,mean,median,p90,high_risk_share,slr_mean_cm_2100
ssp245,0.3638569922110088,0.35572810570571917,0.5045987447519926,0.00654,3.920343
ssp370,0.40892681281286075,0.4199189766141222,0.5189050942575806,4e-05,6.964995
ssp585,0.3838766276276756,0.38160670664010266,0.5462421253890017,0.00487,8.763081000000001
