{
  "query_chain": "H",
  "target_chain": "A",
  "query_length": 234,
  "target_length": 726,
  "aligned_length": 232,
  "coverage_query": 0.9914529914529915,
  "coverage_target": 0.31955922865013775,
  "sequence_identity": 0.4353448275862069,
  "rmsd": 27.51656676756229,
  "tm_score_query_norm": 0.08708572270653858,
  "tm_score_target_norm": 0.05797232153807826,
  "rotation_matrix": [
    [
      -0.8415259633412054,
      -0.461230526608309,
      -0.2812480299438162
    ],
    [
      0.016610415526228887,
      -0.542466376260257,
      0.8399132840496754
    ],
    [
      -0.5399612459415045,
      0.7021371888396789,
      0.4641607705629709
    ]
  ],
  "translation_vector": [
    249.96212860398123,
    119.96319263613631,
    250.09234186013856
  ],
  "mean_distance": 25.372261945173236,
  "median_distance": 26.437702531760344,
  "query_indices": [
    0,
    1,
    2,
    3,
    4,
    5,
    6,
    7,
    8,
    9,
    10,
    11,
    12,
    13,
    14,
    15,
    16,
    17,
    18,
    19,
    20,
    21,
    22,
    23,
    24,
    25,
    26,
    27,
    28,
    29,
    30,
    31,
    32,
    33,
    34,
    35,
    36,
    37,
    38,
    39,
    40,
    41,
    42,
    43,
    44,
    45,
    46,
    47,
    48,
    49,
    50,
    51,
    52,
    53,
    54,
    55,
    56,
    57,
    58,
    59,
    60,
    61,
    62,
    63,
    64,
    65,
    66,
    67,
    68,
    69,
    70,
    71,
    72,
    73,
    74,
    75,
    76,
    77,
    78,
    79,
    80,
    81,
    82,
    83,
    84,
    85,
    86,
    87,
    88,
    89,
    90,
    91,
    92,
    93,
    94,
    95,
    96,
    97,
    98,
    99,
    100,
    101,
    102,
    103,
    104,
    105,
    106,
    107,
    108,
    109,
    110,
    111,
    112,
    113,
    114,
    115,
    116,
    117,
    118,
    119,
    120,
    121,
    122,
    123,
    124,
    125,
    126,
    127,
    128,
    129,
    130,
    131,
    132,
    133,
    134,
    135,
    136,
    137,
    138,
    139,
    140,
    141,
    142,
    143,
    144,
    145,
    146,
    147,
    148,
    149,
    150,
    151,
    152,
    153,
    154,
    155,
    156,
    157,
    158,
    159,
    160,
    161,
    162,
    163,
    164,
    165,
    166,
    167,
    168,
    169,
    170,
    171,
    172,
    173,
    174,
    175,
    176,
    177,
    178,
    179,
    180,
    181,
    184,
    185,
    186,
    187,
    188,
    189,
    190,
    191,
    192,
    193,
    194,
    195,
    196,
    197,
    198,
    199,
    200,
    201,
    202,
    203,
    204,
    205,
    206,
    207,
    208,
    209,
    210,
    211,
    212,
    213,
    214,
    215,
    216,
    217,
    218,
    219,
    220,
    221,
    222,
    223,
    224,
    225,
    226,
    227,
    228,
    229,
    230,
    231,
    232,
    233
  ],
  "target_indices": [
    0,
    1,
    37,
    38,
    39,
    40,
    41,
    42,
    44,
    45,
    46,
    47,
    48,
    49,
    50,
    51,
    63,
    64,
    65,
    66,
    67,
    68,
    69,
    70,
    71,
    72,
    93,
    94,
    115,
    116,
    117,
    118,
    119,
    120,
    121,
    122,
    123,
    147,
    148,
    149,
    150,
    172,
    173,
    174,
    175,
    176,
    177,
    178,
    179,
    180,
    233,
    234,
    235,
    236,
    237,
    238,
    239,
    262,
    263,
    264,
    265,
    266,
    267,
    268,
    269,
    303,
    304,
    305,
    306,
    321,
    322,
    323,
    324,
    325,
    326,
    327,
    328,
    329,
    345,
    346,
    373,
    374,
    375,
    381,
    382,
    383,
    384,
    385,
    386,
    387,
    388,
    389,
    390,
    391,
    392,
    393,
    394,
    395,
    396,
    397,
    398,
    399,
    400,
    401,
    425,
    426,
    427,
    428,
    429,
    430,
    431,
    432,
    433,
    435,
    436,
    437,
    438,
    439,
    440,
    441,
    442,
    443,
    444,
    445,
    469,
    470,
    488,
    489,
    490,
    501,
    502,
    503,
    504,
    505,
    506,
    507,
    508,
    509,
    510,
    511,
    512,
    513,
    514,
    515,
    516,
    517,
    518,
    519,
    520,
    521,
    537,
    538,
    539,
    540,
    541,
    542,
    543,
    544,
    545,
    546,
    547,
    548,
    550,
    551,
    552,
    553,
    554,
    555,
    556,
    557,
    558,
    559,
    560,
    561,
    562,
    563,
    564,
    565,
    566,
    567,
    568,
    569,
    570,
    571,
    572,
    573,
    574,
    575,
    576,
    586,
    587,
    588,
    589,
    590,
    607,
    608,
    609,
    610,
    611,
    626,
    627,
    628,
    629,
    630,
    631,
    632,
    633,
    634,
    659,
    660,
    661,
    662,
    665,
    666,
    667,
    668,
    669,
    677,
    678,
    679,
    680,
    681,
    682,
    683,
    684,
    685,
    686,
    721,
    722,
    723,
    724,
    725
  ],