query_chain,target_chain,query_length,target_length,aligned_length,coverage_query,coverage_target,sequence_identity,rmsd,tm_score_query_norm,tm_score_target_norm,mean_distance,median_distance
H,A,234,726,232,0.9914529914529915,0.31955922865013775,0.4353448275862069,27.51656676756229,0.08708572270653858,0.05797232153807826,25.372261945173236,26.437702531760344
E,A,324,726,310,0.9567901234567902,0.42699724517906334,0.3193548387096774,37.92180083587526,0.07241252797246318,0.05422194178662112,34.2768806402412,32.82733816533151
A,A,241,726,225,0.9336099585062241,0.30991735537190085,0.37777777777777777,31.26449447448406,0.06200393139394607,0.043097679247375384,29.18368506084067,28.074819476784867
L,A,594,726,518,0.8720538720538721,0.7134986225895317,0.277992277992278,40.52815721739833,0.061611915790402295,0.05811227215570594,38.15846780482295,36.043311259196564
F,A,324,726,310,0.9567901234567902,0.42699724517906334,0.3193548387096774,39.82612206933518,0.05999480230846107,0.045034125046648464,36.96413451422788,36.87585484888459
G,A,280,726,278,0.9928571428571429,0.38292011019283745,0.33093525179856115,34.82136756890419,0.05534738074025551,0.04160765399848546,32.975545208343874,33.4656206415642
C,A,329,726,326,0.9908814589665653,0.4490358126721763,0.3343558282208589,43.41399739853602,0.04598168419102324,0.03737765883806545,40.28858751018437,39.74235738643196
B,A,219,726,219,1.0,0.30165289256198347,0.3150684931506849,39.1832285705099,0.04526300305220732,0.0333788968312649,35.443758280979914,30.433627392934568
D,A,331,726,328,0.9909365558912386,0.45179063360881544,0.3323170731707317,44.71210119663976,0.04242477669380646,0.034795588590827826,41.486783217760305,40.40942922496766
