r2_test,rmse_test,r2_cv_mean,r2_cv_std
0.8447345416325043,15.509294218477605,0.5625858882714048,0.09097038052474629
