host,mu,err,chi2,dof,n
M101,58.520854347287575,0.06184702295344629,0.006192717364385826,1,2
NGC1309,56.640212213740455,0.08087862548948704,4543.0572519084,1,2
NGC1316,60.78700000000001,0.11629273408085306,1.4932593296109064e-26,1,1
NGC1365,56.521392624240235,0.060741812469415145,7636.017988403927,2,3
NGC1448,60.706999999999994,0.10355674772799695,0.0,1,1
NGC1559,60.817,0.08674099376880576,0.0,1,1
NGC5643,59.92700000000001,0.10781465577554844,4.343349787865171e-27,1,1
