name,H0,err
Baseline consensus,73.50000000000018,31.43479759356324
SN Ia branch only,73.5000000000002,32.824275206481595
SBF branch only,73.50000000000001,109.19752855305103
Cepheid-calibrated SN Ia,83.05215480120712,41.90854197006993
TRGB-calibrated SN Ia,69.57093995500718,29.426757237026536
SN Ia without lowest-z object,72.19666676353121,33.900202146429656
