epoch,ssl_loss
1,5.980107021331787
2,5.443713068962097
3,5.278838777542115
4,5.135704374313354
5,5.003502011299133
