{
  "energy_points": 200,
  "kx_points": 150,
  "time_delays": [
    -0.5,
    0.0,
    0.5,
    1.0,
    2.0
  ],
  "polarization_angles": [
    0,
    30,
    60,
    90,
    120,
    150,
    180
  ],
  "energy_range_eV": [
    -0.5,
    0.5
  ],
  "kx_range_Ainv": [
    -0.3,
    0.3
  ],
  "pump_off_mean": 16.712215467169834,
  "pump_off_std": 28.71400676637142
}