angle_degrees,angle_radians,intensity,target_energy,target_kx,fit_prediction
0,0.0,0.5058211223955432,0.2487437185929648,0.0422818791946308,0.5017813656578023
30,0.5235987755982988,0.4968494146268399,0.2487437185929648,0.0422818791946308,0.501137221849144
60,1.0471975511965976,0.4967856820182386,0.2487437185929648,0.0422818791946308,0.49983270446029726
90,1.5707963267948966,0.5058451334080547,0.2487437185929648,0.0422818791946308,0.4991723308801088
120,2.0943951023931957,0.4968527213380256,0.2487437185929648,0.0422818791946308,0.4998164746887671
150,2.6179938779914944,0.4967499159571673,0.2487437185929648,0.0422818791946308,0.5011209920776138
180,3.141592653589793,0.5057384656292272,0.2487437185929648,0.0422818791946308,0.5017813656578023
