epoch,loss,val_score
1,0.0753750582408233,0.9976401179941002
2,0.012184660596426065,0.9981312088128258
3,0.006682717462764213,0.9986225895316805
4,0.0048327634188657,0.9986215045293423
5,0.004231871536581357,0.9989170030520823
6,0.0027404702650885297,0.9978380503144654
7,0.0024990556549335666,0.9991139115880674
8,0.0021285486790493095,0.9982293920912847
