epoch,loss,val_score
1,1.4910424544530756,0.5136334789495951
2,1.006690978419547,0.5219518904997742
3,0.8764599979508156,0.5554162478422353
4,0.8055156698706103,0.54462439287895
5,0.7666327823318687,0.5739681039379572
6,0.7346161643371862,0.5793151211915539
7,0.7140817892025498,0.5687812900813612
8,0.691527026395003,0.5894766526967854
