task,logreg,dids_mfl
binary_f1,0.999512432959532,0.9989279797290712
binary_pr_auc,0.99999927662835,0.9999987805674982
multiclass_macro_f1,0.5978867850810102,0.5853598961051528
multiclass_weighted_f1,0.9540180857551047,0.9479857907895519
