epoch,train_loss,pr_auc,roc_auc,precision_at_20,recall_at_20,enrichment_at_20,precision_at_50,recall_at_50,enrichment_at_50,precision_at_100,recall_at_100,enrichment_at_100
1,0.07238206639885902,0.06627192985722127,0.501578947368421,0.05,0.05,1.0,0.06,0.15,1.2,0.06,0.3,1.2
2,0.043338966770814016,0.06280142597354349,0.49039473684210527,0.05,0.05,1.0,0.08,0.2,1.5999999999999999,0.04,0.2,0.7999999999999999
3,0.04226734675467014,0.06354457240427969,0.4907894736842105,0.05,0.05,1.0,0.08,0.2,1.5999999999999999,0.05,0.25,1.0
4,0.04275561625567766,0.0623158552361542,0.4825,0.05,0.05,1.0,0.08,0.2,1.5999999999999999,0.06,0.3,1.2
5,0.04297800591358772,0.06128879838813277,0.47776315789473683,0.05,0.05,1.0,0.08,0.2,1.5999999999999999,0.05,0.25,1.0
