{
  "seed": 0,
  "mode": "focal",
  "val_metrics": {
    "pr_auc": 0.06128879838813277,
    "roc_auc": 0.47776315789473683,
    "precision_at_20": 0.05,
    "recall_at_20": 0.05,
    "enrichment_at_20": 1.0,
    "precision_at_50": 0.08,
    "recall_at_50": 0.2,
    "enrichment_at_50": 1.5999999999999999,
    "precision_at_100": 0.05,
    "recall_at_100": 0.25,
    "enrichment_at_100": 1.0
  },
  "candidate_metrics": {
    "pr_auc": 0.03644160953672056,
    "roc_auc": 0.41269956987679524,
    "precision_at_20": 0.0,
    "recall_at_20": 0.0,
    "enrichment_at_20": 0.0,
    "precision_at_50": 0.02,
    "recall_at_50": 0.023255813953488372,
    "enrichment_at_50": 0.4651162790697675,
    "precision_at_100": 0.02,
    "recall_at_100": 0.046511627906976744,
    "enrichment_at_100": 0.4651162790697675
  }
}