order,kx_Ainv,energy_eV,raw_pump_off_intensity,raw_pump_on_reference_angle_intensity,processed_intensity,energy_offset_from_dirac_eV,momentum_offset_from_dirac_Ainv,pump_on_to_pump_off_ratio,pump_off_to_dirac_ratio
-1,-0.046308724832214765,-0.290713567839196,101.80333389618912,107.25758180791456,0.49521670717091265,-0.248,0.2536912751677852,1.0535763191929182,165.15316587180365
-1,0.046308724832214765,-0.290713567839196,101.80333389618912,107.21284362389432,0.4951316941393499,-0.248,0.34630872483221475,1.0531368622291033,165.15316587180365
1,-0.03422818791946308,0.205286432160804,105.60944178860568,113.30223289801819,0.5244272546110498,0.248,0.2657718120805369,1.0728418878002488,171.32772562368015
1,0.03422818791946308,0.205286432160804,105.60944178860568,113.35249384815457,0.5244228565426068,0.248,0.33422818791946307,1.0733178012156135,171.32772562368015
