rmse,mae,r2,pearson,spearman,model
84.55096206063286,70.61348677966103,0.21469838104815064,0.8284702528464463,0.8391042098181365,identity
36.252903063157966,27.890737745682973,0.8556273376860513,0.9251270458271548,0.9174285555520402,linear
27.834740759202433,20.696636030000093,0.9148913410745498,0.9565296582883923,0.9428938544021025,gaussian_process
