image_name,roi_scale,x0,y0,x1,y1,width,height,detail_density_original,detail_density_global_view,detail_density_crop_view,detail_recovery_gain,variance_original,variance_global_view,variance_crop_view,variance_recovery_gain,high_freq_original,high_freq_global_view,high_freq_crop_view,high_freq_recovery_gain,ssim_global_vs_original,ssim_crop_vs_original,pixel_fraction,encoder_pixel_gain
demo1.png,0.18000000,594,247,778,385,184,138,0.02482551,0.01843481,0.02482551,1.34666447,0.04917109,0.04490036,0.04917109,1.09511544,0.00266252,0.00143701,0.00266252,1.85280468,0.98323830,1.00000000,0.03228760,30.97164461
demo1.png,0.25000000,525,152,781,344,256,192,0.03363898,0.02328569,0.03363898,1.44461970,0.05443170,0.05070119,0.05443170,1.07357820,0.00479032,0.00219278,0.00479032,2.18457932,0.98540758,1.00000000,0.06250000,16.00000000
demo1.png,0.33000000,495,125,833,378,338,253,0.03919300,0.02775753,0.03919300,1.41197663,0.06532744,0.06202665,0.06532744,1.05321562,0.00684324,0.00315948,0.00684324,2.16592977,0.98980749,1.00000000,0.10873667,9.19652922
demo2.png,0.18000000,920,297,1325,567,405,270,0.06968316,0.01039410,0.06968316,6.70410153,0.06168994,0.03280420,0.06168994,1.88054933,0.01355203,0.00141572,0.01355203,9.57248407,0.73969549,1.00000000,0.03240000,30.86419753
demo2.png,0.25000000,840,185,1402,560,562,375,0.08393935,0.01449565,0.08393935,5.79065571,0.06583264,0.03895899,0.06583264,1.68979302,0.02097571,0.00154697,0.02097571,13.55917038,0.78534383,1.00000000,0.06244444,16.01423488
demo2.png,0.33000000,814,441,1556,936,742,495,0.08825643,0.01618692,0.08825643,5.45232674,0.05261146,0.03187450,0.05261146,1.65058094,0.02688331,0.00165157,0.02688331,16.27729528,0.79614190,1.00000000,0.10882667,9.18892428
method_case.png,0.18000000,450,360,900,663,450,303,0.03507243,0.00823339,0.03507243,4.25977602,0.05132749,0.03699621,0.05132749,1.38737115,0.00640912,0.00171343,0.00640912,3.74049508,0.88084429,1.00000000,0.03244497,30.82141547
method_case.png,0.25000000,434,210,1059,630,625,420,0.04574211,0.01109172,0.04574211,4.12398251,0.05721480,0.04262904,0.05721480,1.34215524,0.01057772,0.00179723,0.01057772,5.88553454,0.89288590,1.00000000,0.06246282,16.00952381
method_case.png,0.33000000,246,0,1071,555,825,555,0.05400722,0.01488587,0.05400722,3.62808529,0.06043233,0.04553296,0.06043233,1.32722144,0.01476642,0.00216166,0.01476642,6.83101410,0.89718662,1.00000000,0.10895300,9.17826918
