,count,mean,std,min,25%,50%,75%,max
lat,30.0,-22.290335092158653,3.5508205761541967,-28.47435481055325,-24.69687221413344,-21.346822884783624,-19.59027076128613,-17.292531780358928
lon,30.0,17.72671932102079,3.780035240760345,11.103071776514078,14.391696528790137,17.499301107699033,20.85516433258439,24.54513625407894
theo_pv,30.0,0.7370909847323384,0.07132500820919285,0.5817130228384195,0.7032360296681816,0.7249674567699074,0.7994613678236718,0.8468278354591481
theo_wind,30.0,0.5072368701976243,0.11963632352464645,0.2909019365211477,0.41101254642288654,0.5091647024673855,0.603889685593847,0.7448842446679098
grid_dist_km,30.0,110.50578190815716,66.37900463888374,10.294959570680955,52.698717333031304,122.08462265498213,147.91799659436435,239.8470072441541
road_dist_km,30.0,64.60290523167042,37.57095763961018,5.452094184965394,32.21158940236904,66.9788724693667,98.79203552825943,119.0926921226446
ocean_dist_km,30.0,216.06799380232118,135.90432335074993,16.13196659160868,90.76635492065695,202.36776131673156,346.9109598450189,437.6036274668256
waterbody_dist_km,30.0,157.3288148709508,91.7538507627306,10.261851273211382,70.3257721623393,172.60641110328976,233.12898343581764,290.0384140822386
