scenario,min_cost,mean_cost,median_cost,p10_cost,competitive_sites,total_sites,mean_gap_vs_europe,competitive_share,europe_benchmark
baseline,7.3755595693061045,8.080663875476102,8.041938182253485,7.5614862331771855,0,30,0.880663875476102,0.0,7.2
derisked,6.60575613138388,7.3181210532995795,7.2699102172397225,6.801697933338407,17,30,-0.08187894670042063,0.5666666666666667,7.4
high_rate,7.969348398427666,8.665243857616998,8.623591558095999,8.142572575714837,0,30,1.0652438576169987,0.0,7.6
