{
  "coef": [
    -0.5651805697392898,
    -1.9807485439295707,
    -0.846998536116699,
    -2.0340229825989673,
    -0.9250632106862139,
    -2.0322503418282407,
    -0.7401031362685884,
    -2.3475003737463043,
    -0.07450039242840574,
    -3.1568464240764627,
    -0.8267056169155937,
    0.18667549430623412,
    -0.7125036787231196,
    0.04018696677311503,
    -0.6111322503088199,
    -0.014534573345007953,
    -0.5935201327005278,
    -0.013593273769347646,
    -0.5399991038486788,
    -0.29020563602101146,
    2.5486904321918322
  ],
  "bias": 12.611672208194836
}