{
  "coef": [
    -2.2100053849286668e-10,
    -6.193346403807077e-07,
    -0.0003941413275954758,
    -0.05577748338801527,
    -1.6881384918306028,
    -9.548748984093727,
    -3.224920487122271,
    10.581064092373369,
    -0.304563380239657,
    -1.7031457555445906,
    -2.3024805549020257,
    -2.701086465494616,
    0.1186981525219438,
    -1.2543581749284491,
    0.4072637427003376,
    -5.816175307748808,
    7.309140064436931,
    -2.6753754843697344,
    3.049103205344955,
    -0.26121219920278016,
    0.2575516118990333,
    0.316749362476227,
    0.09827558989313666,
    -0.09335600407024593,
    16.33319126100677,
    -19.22370128618979,
    -8.695503220010588,
    15.028837111488679,
    3.674729212967863,
    -6.905834276162761
  ],
  "bias": 14.597727357070037
}