charge_mae,charge_corr,dipole_true_norm,dipole_pred_norm,dipole_abs_error
1.0,,60.16966871275585,0.0,60.16966871275585
1.0,,74.6801733331617,0.0,74.6801733331617
