image,view,mean_gradient,text_saliency_p95
demo1,global,13.121399010534406,0.13669828789938887
demo2,global,28.675029304463425,0.19969903040787257
method_case,global,17.677465191332814,0.2007903513232014
demo1,crop,13.459610068721581,0.21560215546379624
demo2,crop,30.770919985053407,0.18291841843805753
method_case,crop,22.46101852248262,0.20510980951151486
