view,edge_density,mean_gradient,text_saliency_mean,text_saliency_p95,crop_edge_density,crop_mean_gradient,crop_text_saliency_mean,crop_text_saliency_p95,crop_area_fraction,detail_gain_gradient,detail_gain_text_p95,image
global,0.25,13.121399010534406,0.02545848843096359,0.13669828789938887,0.25,13.459610068721581,0.04679471700941065,0.21560215546379624,0.25,1.0257755325981543,1.577211704731549,demo1
global,0.25,28.675029304463425,0.04953947508746626,0.19969903040787257,0.25,30.770919985053407,0.04683509184635091,0.18291841843805753,0.25,1.0730911430849988,0.9159704426443829,demo2
global,0.25,17.677465191332814,0.03492676277318145,0.2007903513232014,0.25,22.46101852248262,0.04525794334525112,0.20510980951151486,0.2498512790005949,1.2706017670898395,1.021512228773575,method_case
