epoch,train_loss,label_roc_auc,label_pr_auc,roc_auc_macro,pr_auc_macro
1,0.717807513475418,0.5833333333333334,0.4184744707542257,0.5833333333333334,0.4184744707542257
2,0.7183465719223022,0.5744810744810744,0.389847503815458,0.5744810744810744,0.389847503815458
3,0.7150870323181152,0.561050061050061,0.3807151295811252,0.561050061050061,0.3807151295811252
