epoch,train_loss,label_roc_auc,label_pr_auc,roc_auc_macro,pr_auc_macro
1,0.7200264275074005,0.554945054945055,0.3896626896453937,0.554945054945055,0.3896626896453937
2,0.7161397635936737,0.5531135531135531,0.3869306244412801,0.5531135531135531,0.3869306244412801
3,0.7136965990066528,0.5668498168498168,0.3960434264075087,0.5668498168498168,0.3960434264075087
4,0.7118107199668884,0.5653235653235653,0.3927947673545469,0.5653235653235653,0.3927947673545469
5,0.7072785019874572,0.5659340659340659,0.3951971852227667,0.5659340659340659,0.3951971852227667
