epoch,train_loss,label_roc_auc,label_pr_auc,roc_auc_macro,pr_auc_macro
1,0.3135424384049007,0.8199033816425121,0.9054667691543087,0.8199033816425121,0.9054667691543087
2,0.29806733982903616,0.8314975845410627,0.9258700956252419,0.8314975845410627,0.9258700956252419
3,0.27956883183547426,0.8415458937198067,0.9317909803600964,0.8415458937198067,0.9317909803600964
4,0.2629075380308287,0.850048309178744,0.9372471233574814,0.850048309178744,0.9372471233574814
5,0.25874765536614824,0.8589371980676328,0.9414397155403654,0.8589371980676328,0.9414397155403654
6,0.2419818937778473,0.856231884057971,0.9401435885138674,0.856231884057971,0.9401435885138674
7,0.24172900829996383,0.8581642512077295,0.9399091387721289,0.8581642512077295,0.9399091387721289
