epoch,train_loss,label_roc_auc,label_pr_auc,roc_auc_macro,pr_auc_macro
1,0.31138244697025846,0.41236714975845407,0.7085271760618721,0.41236714975845407,0.7085271760618721
2,0.315922207065991,0.6388405797101449,0.7887735723587448,0.6388405797101449,0.7887735723587448
3,0.30746185566697803,0.6343961352657005,0.7843750993052503,0.6343961352657005,0.7843750993052503
4,0.30373828751700266,0.6602898550724638,0.7946606835794483,0.6602898550724638,0.7946606835794483
5,0.3018602335027286,0.6738164251207729,0.831345058669894,0.6738164251207729,0.831345058669894
6,0.3114341987030847,0.6792270531400966,0.8163978621839811,0.6792270531400966,0.8163978621839811
7,0.3008909970521927,0.7014492753623189,0.8246629539649656,0.7014492753623189,0.8246629539649656
8,0.29814607330730986,0.7128502415458938,0.817827535533858,0.7128502415458938,0.817827535533858
