epoch,train_loss,FDA_APPROVED_roc_auc,FDA_APPROVED_pr_auc,CT_TOX_roc_auc,CT_TOX_pr_auc,roc_auc_macro,pr_auc_macro
1,0.6888534903526307,0.3577749683944374,0.9092064855857447,0.37420986093552466,0.05008909888634974,0.365992414664981,0.4796477922360472
2,0.6760289430618286,0.381795195954488,0.9307666808837971,0.3919089759797725,0.05141691834830317,0.3868520859671303,0.49109179961605015
3,0.6669086873531341,0.4070796460176991,0.9301167447321765,0.40328697850821743,0.05285778621248788,0.40518331226295823,0.49148726547233224
4,0.6663199126720428,0.3944374209860936,0.9349138772896706,0.40328697850821743,0.05250865539757638,0.39886219974715553,0.4937112663436235
5,0.6592206597328186,0.4108723135271808,0.9357507408017739,0.42098609355246525,0.05450259788413292,0.415929203539823,0.4951266693429534
6,0.6472305566072464,0.4058154235145386,0.9338470551484762,0.40960809102402024,0.05310550007109291,0.40771175726927944,0.4934762776097846
7,0.6640571117401123,0.41213653603034134,0.9345761663778274,0.427307206068268,0.055316462723350925,0.4197218710493047,0.49494631455058913
