epoch,train_loss,FDA_APPROVED_roc_auc,FDA_APPROVED_pr_auc,CT_TOX_roc_auc,CT_TOX_pr_auc,roc_auc_macro,pr_auc_macro
1,0.690358117222786,0.36030341340075855,0.9035018107766828,0.3653603034134007,0.050510377728488806,0.36283185840707965,0.4770060942525858
2,0.6813981235027313,0.4032869785082175,0.9344194721513581,0.35145385587863465,0.05212449485333269,0.37737041719342607,0.4932719835023454
3,0.676176929473877,0.506953223767383,0.955376842989463,0.3805309734513274,0.05327361634014677,0.4437420986093552,0.5043252296648049
4,0.6812889218330384,0.5764854614412136,0.9529685878225831,0.42351453855878635,0.05539349867532465,0.5,0.5041810432489539
5,0.6739490479230881,0.4450063211125158,0.9476884008262597,0.41719342604298354,0.05382867211309802,0.4310998735777497,0.5007585364696788
