{"y_true": [[0.0], [1.0], [1.0], [0.0], [0.0], [0.0], [0.0], [1.0], [1.0], [1.0], [0.0], [1.0], [1.0], [0.0], [1.0], [0.0], [0.0], [0.0], [0.0], [0.0], [0.0], [1.0], [0.0], [0.0], [1.0], [1.0], [0.0], [0.0], [1.0], [1.0], [0.0], [0.0], [0.0], [0.0], [1.0], [0.0], [1.0], [0.0], [1.0], [1.0], [1.0], [0.0], [1.0], [0.0], [0.0], [0.0], [0.0], [1.0], [1.0], [1.0], [1.0], [1.0], [1.0], [0.0], [0.0], [0.0], [1.0], [1.0], [1.0], [0.0], [0.0], [0.0], [1.0], [0.0], [1.0], [1.0], [0.0], [1.0], [0.0], [0.0], [0.0], [0.0], [0.0], [0.0], [0.0], [1.0], [1.0], [1.0], [0.0], [0.0], [0.0], [1.0], [0.0], [0.0], [0.0], [0.0], [1.0], [1.0], [0.0], [1.0], [0.0], [0.0], [0.0], [0.0], [0.0], [0.0], [1.0], [1.0], [1.0], [0.0], [1.0], [1.0], [1.0], [1.0], [0.0], [1.0], [0.0], [0.0], [0.0], [0.0], [0.0], [0.0], [0.0], [0.0], [1.0], [1.0], [0.0], [0.0], [1.0], [0.0], [1.0], [1.0], [1.0], [0.0], [0.0], [0.0], [0.0], [1.0], [0.0], [0.0], [1.0], [1.0], [1.0], [0.0], [1.0], [1.0], [1.0], [0.0], [1.0], [1.0], [0.0], [0.0], [1.0], [0.0], [0.0], [1.0], [0.0], [0.0], [0.0], [0.0], [1.0], [1.0], [1.0], [1.0], [1.0], [0.0], [0.0], [0.0], [1.0], [1.0], [1.0], [1.0], [1.0], [1.0], [0.0], [1.0], [1.0], [0.0], [1.0], [0.0], [0.0], [0.0], [0.0], [0.0], [1.0], [0.0], [1.0], [1.0], [0.0], [0.0], [0.0], [1.0], [0.0], [0.0], [0.0], [1.0], [0.0], [1.0], [1.0], [1.0], [0.0], [0.0], [0.0], [0.0], [0.0], [0.0], [0.0], [1.0], [0.0], [0.0], [1.0], [0.0], [1.0], [0.0], [1.0], [1.0], [1.0], [1.0], [1.0], [0.0], [1.0], [0.0], [0.0], [1.0], [1.0], [0.0], [0.0], [1.0], [1.0], [1.0], [1.0], [0.0], [1.0], [0.0], [1.0], [1.0], [0.0], [0.0], [1.0], [0.0], [0.0], [1.0], [0.0], [1.0], [0.0], [0.0], [0.0], [1.0], [1.0], [1.0], [1.0], [1.0], [0.0], [1.0], [1.0], [1.0], [0.0], [0.0], [0.0], [0.0], [0.0], [0.0], [1.0], [0.0], [0.0], [0.0], [0.0], [0.0], [0.0], [0.0], [1.0], [1.0], [0.0], [1.0], [0.0], [1.0], [0.0], [0.0], [0.0], [1.0], [1.0], [1.0], [0.0], [1.0], [0.0], [1.0], [0.0], [0.0], [1.0], [1.0], [0.0], [0.0], [1.0], [0.0], [1.0], [0.0], [1.0], [1.0], [0.0], [0.0], [1.0], [1.0], [1.0], [1.0], [0.0], [0.0], [0.0], [0.0], [1.0], [1.0], [0.0], [0.0], [1.0]], "y_score": [[0.985519528388977], [0.9994850158691406], [0.9997890591621399], [0.9790270328521729], [0.953658938407898], [0.9961825013160706], [0.9995185136795044], [0.9995747208595276], [0.9918596148490906], [0.9996898174285889], [0.9711427688598633], [0.9984605312347412], [0.9842795133590698], [0.9963923096656799], [0.9986427426338196], [0.9855660796165466], [0.9764758348464966], [0.9829180836677551], [0.9965817332267761], [0.9757771492004395], [0.9778631925582886], [0.9991372227668762], [0.9899707436561584], [0.9861863851547241], [0.9995597004890442], [0.9997492432594299], [0.9445636868476868], [0.9982971549034119], [0.9764710664749146], [0.9816153645515442], [0.9684263467788696], [0.9989895224571228], [0.9707851409912109], [0.9993839263916016], [0.9998769760131836], [0.9973741769790649], [0.9991519451141357], [0.9944605827331543], [0.985863983631134], [0.9930509328842163], [0.9997102618217468], [0.9870412349700928], [0.9995840191841125], [0.996282160282135], [0.99868243932724], [0.9997081160545349], [0.9972344040870667], [0.9809517860412598], [0.9994814991950989], [0.9963980913162231], [0.9997242093086243], [0.9990704655647278], [0.9824297428131104], [0.9937989115715027], [0.9858459830284119], [0.9997736811637878], [0.9975505471229553], [0.9985299110412598], [0.9995978474617004], [0.9996659755706787], [0.9892759323120117], [0.9988168478012085], [0.9914081692695618], [0.9998039603233337], [0.9949446320533752], [0.9996935129165649], [0.9623295068740845], [0.9991440773010254], [0.994178295135498], [0.9787918329238892], [0.9997349381446838], [0.9985975623130798], [0.9824973940849304], [0.9991142153739929], [0.9918088316917419], [0.9990309476852417], [0.9985206723213196], [0.9822471737861633], [0.9985617995262146], [0.9999997615814209], [0.9993719458580017], [0.9994943141937256], [0.9991604089736938], [0.9858237504959106], [0.9977074861526489], [0.9959118366241455], [0.9993485808372498], [0.9995943903923035], [0.9996720552444458], [0.9997616410255432], [0.9883177876472473], [0.9997014403343201], [0.9996370077133179], [0.9973613619804382], [0.9988518953323364], [0.998909592628479], [0.9997269511222839], [0.9989666938781738], [0.9996738433837891], [0.9968906044960022], [0.9832768440246582], [0.9983527660369873], [0.9927041530609131], [0.9800612926483154], [0.9991807341575623], [0.9981589913368225], [0.9668332934379578], [0.9892051219940186], [0.9776752591133118], [0.9985958933830261], [0.9983037710189819], [0.999233603477478], [0.9759423732757568], [0.999721348285675], [0.9881888628005981], [0.9998154044151306], [0.804333508014679], [0.9976446032524109], [0.9996483325958252], [0.9850668907165527], [0.9997575879096985], [0.9803332686424255], [0.9757011532783508], [0.9852637052536011], [0.9890033602714539], [0.9996793270111084], [0.9988952279090881], [0.9983747005462646], [0.9695413112640381], [0.9805667400360107], [0.9990598559379578], [0.9997784495353699], [0.9988396763801575], [0.9974889755249023], [0.9806023836135864], [0.9866176247596741], [0.9994420409202576], [0.9779775142669678], [0.9999984502792358], [0.9988173842430115], [0.9689608216285706], [0.9730222821235657], [0.9845372438430786], [0.9827995300292969], [0.9900453686714172], [0.9996438026428223], [0.9076579213142395], [0.9827625751495361], [0.9965952038764954], [0.9996345043182373], [0.9916724562644958], [0.9914196729660034], [0.9988371729850769], [0.9982823133468628], [0.9972139000892639], [0.9925402998924255], [0.9988942742347717], [0.9944698810577393], [0.9985270500183105], [0.9792701005935669], [0.9995323419570923], [0.9997321963310242], [0.999601423740387], [0.9997385144233704], [0.99703049659729], [0.9846944212913513], [0.995124876499176], [0.974540650844574], [0.9993584752082825], [0.9941108822822571], [0.9825756549835205], [0.988152801990509], [0.9922532439231873], [0.9917118549346924], [0.9997151494026184], [0.984587550163269], [0.988186240196228], [0.9910979866981506], [0.9975385665893555], [0.993950366973877], [0.9777511358261108], [0.9995057582855225], [0.9981980919837952], [0.9991395473480225], [0.9848552346229553], [0.9996590614318848], [0.9995399713516235], [0.9994106292724609], [0.9993526339530945], [0.9990999698638916], [0.9778856039047241], [0.9391657710075378], [0.9831010103225708], [0.9775925278663635], [0.9987296462059021], [0.9983425140380859], [0.976729154586792], [0.9999669790267944], [0.9996639490127563], [0.996504545211792], [0.9855345487594604], [0.9778868556022644], [0.9997665286064148], [0.9807954430580139], [0.9997742772102356], [0.982562780380249], [0.9994706511497498], [0.9992384910583496], [0.9996393918991089], [0.9995658993721008], [0.9985647797584534], [0.9992126226425171], [0.9884843230247498], [0.982377827167511], [0.9995459914207458], [0.9777489900588989], [0.9994342923164368], [0.9997209906578064], [0.9809550642967224], [0.9861353635787964], [0.9995666146278381], [0.9885127544403076], [0.9917942881584167], [0.9857872724533081], [0.9764953851699829], [0.9987828135490417], [0.991817831993103], [0.9890648126602173], [0.9958454966545105], [0.9597435593605042], [0.9996402263641357], [0.9994909763336182], [0.999561607837677], [0.9844802021980286], [0.989059329032898], [0.9997792840003967], [0.9997832179069519], [0.9996115565299988], [0.9996708631515503], [0.9992218017578125], [0.9835786819458008], [0.9995036125183105], [0.9984849095344543], [0.9807248115539551], [0.9996730089187622], [0.9976245760917664], [0.9398695230484009], [0.9997312426567078], [0.998608410358429], [0.9978148937225342], [0.9992403984069824], [0.9809346795082092], [0.9987682700157166], [0.9762203693389893], [0.997104823589325], [0.9996869564056396], [0.9962524771690369], [0.9991907477378845], [0.9768624305725098], [0.9897412061691284], [0.9995917677879333], [0.9993574023246765], [0.9986704587936401], [0.9993253946304321], [0.9923607707023621], [0.9859076142311096], [0.9985641837120056], 