{"y_true": [[0.0], [0.0], [0.0], [0.0], [1.0], [0.0], [0.0], [0.0], [1.0], [0.0], [0.0], [1.0], [1.0], [0.0], [1.0], [1.0], [0.0], [1.0], [1.0], [0.0], [0.0], [0.0], [0.0], [0.0], [0.0], [0.0], [1.0], [1.0], [1.0], [0.0], [0.0], [0.0], [0.0], [0.0], [0.0], [0.0], [0.0], [1.0], [1.0], [1.0], [0.0], [0.0], [0.0], [1.0], [0.0], [1.0], [1.0], [1.0], [0.0], [1.0], [1.0], [1.0], [1.0], [1.0], [0.0], [1.0], [0.0], [1.0], [0.0], [1.0], [1.0], [0.0], [1.0], [0.0], [0.0], [1.0], [0.0], [1.0], [1.0], [1.0], [0.0], [0.0], [0.0], [0.0], [0.0], [1.0], [0.0], [1.0], [1.0], [0.0], [1.0], [0.0], [0.0], [1.0], [0.0], [0.0], [1.0], [0.0], [1.0], [0.0], [0.0], [1.0], [1.0], [1.0], [0.0], [0.0], [1.0], [1.0], [1.0], [1.0], [1.0], [0.0], [1.0], [0.0], [0.0], [1.0], [1.0], [1.0], [0.0], [0.0], [1.0], [1.0], [1.0], [0.0], [0.0], [0.0], [0.0], [0.0], [0.0], [1.0], [1.0], [1.0], [0.0], [1.0], [1.0], [0.0], [1.0], [1.0], [1.0], [1.0], [0.0], [1.0], [0.0], [1.0], [1.0], [1.0], [0.0], [0.0], [1.0], [1.0], [1.0], [0.0], [1.0], [1.0], [0.0], [0.0], [0.0], [0.0], [0.0], [1.0], [0.0], [0.0], [0.0], [1.0], [0.0], [1.0], [0.0], [1.0], [1.0], [1.0], [0.0], [0.0], [0.0], [0.0], [0.0], [0.0], [1.0], [1.0], [0.0], [0.0], [0.0], [1.0], [0.0], [0.0], [1.0], [0.0], [1.0], [0.0], [0.0], [0.0], [1.0], [0.0], [0.0], [1.0], [1.0], [0.0], [0.0], [1.0], [0.0], [0.0], [0.0], [0.0], [1.0], [1.0], [1.0], [0.0], [0.0], [0.0], [0.0], [1.0], [0.0], [1.0], [0.0], [0.0], [0.0], [0.0], [0.0], [0.0], [0.0], [1.0], [0.0], [0.0], [0.0], [0.0], [0.0], [0.0], [1.0], [0.0], [0.0], [1.0], [0.0], [1.0], [1.0], [1.0], [0.0], [1.0], [0.0], [1.0], [1.0], [1.0], [1.0], [1.0], [1.0], [0.0], [0.0], [1.0], [0.0], [1.0], [0.0], [0.0], [0.0], [0.0], [1.0], [0.0], [1.0], [1.0], [0.0], [0.0], [1.0], [0.0], [0.0], [0.0], [1.0], [1.0], [1.0], [0.0], [1.0], [0.0], [1.0], [1.0], [0.0], [0.0], [1.0], [0.0], [0.0], [1.0], [0.0], [0.0], [0.0], [0.0], [0.0], [0.0], [1.0], [1.0], [0.0], [1.0], [0.0], [0.0], [1.0], [1.0], [1.0], [0.0], [1.0], [1.0], [1.0], [1.0], [1.0], [1.0], [0.0], [1.0], [0.0], [0.0], [0.0], [1.0], [0.0], [0.0], [1.0], [1.0], [1.0], [1.0], [1.0], [0.0], [0.0]], "y_score": [[0.6250423192977905], [0.5648153424263], [0.5197123885154724], [0.4532371759414673], [0.7717432379722595], [0.6899822950363159], [0.7826586365699768], [0.5892218947410583], [0.7860800623893738], [0.5902555584907532], [0.7503220438957214], [0.6745870113372803], [0.6484718322753906], [0.7387756109237671], [0.7688992023468018], [0.6189083456993103], [0.6420745849609375], [0.6125872135162354], [0.548444926738739], [0.5895610451698303], [0.7829497456550598], [0.7420036792755127], [0.5756159424781799], [0.5863815546035767], [0.7867083549499512], [0.531524121761322], [0.574844241142273], [0.6894590258598328], [0.7397053241729736], [0.746104896068573], [0.6318867206573486], [0.5014593601226807], [0.7835851311683655], [0.7734367251396179], [0.802618145942688], [0.6006262302398682], [0.6722442507743835], [0.7340735793113708], [0.7652195692062378], [0.5844924449920654], [0.6269482374191284], [0.6071052551269531], [0.47842422127723694], [0.695928692817688], [0.7778730392456055], [0.7802028656005859], [0.7377938032150269], [0.5861515998840332], [0.7769391536712646], [0.7279185056686401], [0.6684046983718872], [0.792718231678009], [0.8131814002990723], [0.7672337889671326], [0.7507797479629517], [0.7777220606803894], [0.7111973762512207], [0.5528400540351868], [0.6429839730262756], [0.566006600856781], [0.7543152570724487], [0.6525068879127502], [0.7181520462036133], [0.720500111579895], [0.7320424914360046], [0.7648144960403442], [0.7470085024833679], [0.7287667393684387], [0.5992591977119446], [0.7486410140991211], [0.6944225430488586], [0.5891295075416565], [0.6569671034812927], [0.5754725337028503], [0.7462804317474365], [0.7649321556091309], [0.5246953368186951], [0.7378427386283875], [0.7765939831733704], [0.548490047454834], [0.4867194592952728], [0.5277491807937622], [0.7575914859771729], [0.6483188271522522], [0.6825904846191406], [0.7604683637619019], [0.5700957775115967], [0.5330056548118591], [0.7659761309623718], [0.7454674243927002], [0.758335292339325], [0.7281681299209595], [0.633903443813324], [0.757300853729248], [0.654746413230896], [0.7079391479492188], [0.7376813888549805], [0.6917734742164612], [0.7802881002426147], [0.7504618167877197], [0.7908740639686584], [0.7472750544548035], [0.7478579878807068], [0.8034981489181519], [0.7678866386413574], [0.7596100568771362], [0.6753363013267517], [0.7224850058555603], [0.6906747221946716], [0.6808463931083679], [0.6960799098014832], [0.682864248752594], [0.6640847325325012], [0.6859235763549805], [0.5826612114906311], [0.8138527870178223], [0.6106567978858948], [0.506415605545044], [0.8008016347885132], [0.6324328184127808], [0.6134250164031982], [0.6293993592262268], [0.656977117061615], [0.7870339751243591], [0.6163849234580994], [0.5397152900695801], [0.7907422184944153], [0.831718921661377], [0.6252480745315552], [0.7705308794975281], [0.6957916021347046], [0.6025190949440002], [0.7437182664871216], [0.7330915927886963], [0.7845169305801392], [0.5961094498634338], [0.6389192342758179], [0.6262809038162231], [0.7978904247283936], [0.6409042477607727], [0.638588011264801], [0.7970541715621948], [0.7284300327301025], [0.7518719434738159], [0.38730287551879883], [0.6484982967376709], [0.49705055356025696], [0.6915437579154968], [0.6399152278900146], [0.7934812307357788], [0.4524650573730469], [0.4859007000923157], [0.8255622386932373], [0.5581761002540588], [0.7142987251281738], [0.6134267449378967], [0.4990184009075165], [0.6709522008895874], [0.7111743092536926], [0.6117606163024902], [0.7589315176010132], [0.8097032308578491], [0.3985852599143982], [0.628749668598175], [0.7794580459594727], [0.5177263617515564], [0.7274866104125977], [0.7343510389328003], [0.7152946591377258], [0.7172192931175232], [0.632805585861206], [0.7646899819374084], [0.4773266911506653], [0.6542317271232605], [0.7797422409057617], [0.8093766570091248], [0.7472889423370361], [0.6414709687232971], [0.7265525460243225], [0.672990620136261], [0.6716421842575073], [0.7000616788864136], [0.6189007759094238], [0.5565369129180908], [0.6017463803291321], [0.744193434715271], [0.5850801467895508], [0.6435914039611816], [0.4145492613315582], [0.5688499808311462], [0.6566706895828247], [0.4928300380706787], [0.6162675023078918], [0.7441425919532776], [0.601290225982666], [0.6808069944381714], [0.5190189480781555], [0.7104024887084961], [0.7377007603645325], [0.7504483461380005], [0.5505262017250061], [0.8570858836174011], [0.7697586417198181], [0.682115375995636], [0.7899808883666992], [0.7877510190010071], [0.8085296750068665], [0.7235168814659119], [0.6753363609313965], [0.7186498045921326], [0.6885843276977539], [0.6660127639770508], [0.7310984134674072], [0.5991634726524353], [0.5337754487991333], [0.7398204207420349], [0.7195225358009338], [0.6495383381843567], [0.7433536052703857], [0.7467748522758484], [0.5963853001594543], [0.741614043712616], [0.6674580574035645], [0.7667852640151978], [0.5650841593742371], [0.7583656907081604], [0.6831262707710266], [0.7663641571998596], [0.7908160090446472], [0.5205177664756775], [0.6358802914619446], [0.6997755169868469], [0.6856849789619446], [0.5676519870758057], [0.5727776885032654], [0.7224517464637756], [0.7591392993927002], [0.8267925977706909], [0.7957552075386047], [0.48690399527549744], [0.7127533555030823], [0.7163625955581665], [0.7347028851509094], [0.5899488925933838], [0.762927770614624], [0.5859639048576355], [0.6087753772735596], [0.6376069188117981], [0.6298520565032959], [0.5902453064918518], [0.7834025621414185], [0.5475634932518005], [0.7924110293388367], [0.7273367047309875], [0.6752543449401855], [0.8134363293647766], [0.6686055660247803], [0.8793327808380127], [0.6288242936134338], [0.6253038048744202], [0.6504018902778625], [0.762683629989624], [0.7162426114082336], [0.5616831183433533], [0.8643212914466858], [0.7596310377120972], [0.6287310719490051], 