{"y_true": [[0.0], [1.0], [0.0], [0.0], [0.0], [0.0], [1.0], [0.0], [1.0], [0.0], [1.0], [1.0], [1.0], [0.0], [1.0], [0.0], [1.0], [0.0], [1.0], [1.0], [1.0], [1.0], [0.0], [1.0], [1.0], [1.0], [0.0], [1.0], [0.0], [1.0], [1.0], [0.0], [1.0], [0.0], [0.0], [1.0], [1.0], [0.0], [0.0], [1.0], [1.0], [1.0], [0.0], [0.0], [0.0], [0.0], [0.0], [1.0], [0.0], [0.0], [0.0], [1.0], [0.0], [1.0], [0.0], [0.0], [1.0], [0.0], [1.0], [0.0], [1.0], [1.0], [1.0], [1.0], [1.0], [1.0], [1.0], [1.0], [1.0], [0.0], [1.0], [1.0], [0.0], [0.0], [1.0], [1.0], [1.0], [0.0], [1.0], [0.0], [1.0], [0.0], [0.0], [0.0], [0.0], [0.0], [1.0], [0.0], [1.0], [0.0], [1.0], [0.0], [1.0], [0.0], [1.0], [0.0], [1.0], [0.0], [1.0], [1.0], [0.0], [0.0], [0.0], [0.0], [0.0], [1.0], [1.0], [1.0], [0.0], [1.0], [1.0], [0.0], [1.0], [1.0], [0.0], [1.0], [0.0], [1.0], [0.0], [0.0], [1.0], [0.0], [0.0], [1.0], [1.0], [1.0], [0.0], [0.0], [1.0], [0.0], [1.0], [0.0], [0.0], [1.0], [1.0], [0.0], [0.0], [1.0], [1.0], [1.0], [0.0], [0.0], [0.0], [0.0], [0.0], [0.0], [0.0], [0.0], [1.0], [1.0], [0.0], [0.0], [1.0], [1.0], [1.0], [0.0], [0.0], [0.0], [1.0], [1.0], [0.0], [0.0], [1.0], [1.0], [0.0], [0.0], [1.0], [0.0], [0.0], [0.0], [1.0], [1.0], [0.0], [0.0], [1.0], [0.0], [0.0], [1.0], [0.0], [1.0], [1.0], [0.0], [1.0], [0.0], [1.0], [1.0], [1.0], [0.0], [0.0], [0.0], [1.0], [1.0], [0.0], [0.0], [0.0], [0.0], [1.0], [0.0], [0.0], [1.0], [0.0], [1.0], [0.0], [1.0], [0.0], [0.0], [0.0], [0.0], [0.0], [1.0], [1.0], [0.0], [0.0], [0.0], [0.0], [0.0], [0.0], [0.0], [0.0], [0.0], [0.0], [0.0], [0.0], [0.0], [1.0], [0.0], [0.0], [1.0], [0.0], [1.0], [1.0], [1.0], [1.0], [1.0], [1.0], [0.0], [1.0], [1.0], [0.0], [0.0], [1.0], [1.0], [0.0], [1.0], [1.0], [0.0], [0.0], [0.0], [0.0], [1.0], [1.0], [0.0], [0.0], [0.0], [1.0], [0.0], [0.0], [1.0], [0.0], [0.0], [1.0], [0.0], [0.0], [1.0], [1.0], [0.0], [1.0], [1.0], [1.0], [0.0], [1.0], [1.0], [0.0], [1.0], [0.0], [1.0], [0.0], [1.0], [1.0], [0.0], [0.0], [1.0], [1.0], [0.0], [1.0], [0.0], [0.0], [0.0], [0.0], [0.0], [0.0], [0.0], [1.0], [0.0], [0.0], [0.0], [1.0], [0.0], [0.0], [0.0], [0.0], [1.0], [1.0]], "y_score": [[0.9030026793479919], [0.9165596961975098], [0.7750478386878967], [0.8143018484115601], [0.8524904251098633], [0.9642523527145386], [0.9228309392929077], [0.8501574993133545], [0.8393967747688293], [0.9251866340637207], [0.8179628849029541], [0.8647304177284241], [0.8333873748779297], [0.9148066639900208], [0.9438403844833374], [0.8896997570991516], [0.905742347240448], [0.8496959805488586], [0.947274923324585], [0.9031990766525269], [0.8909563422203064], [0.8678311705589294], [0.8795627355575562], [0.8414547443389893], [0.8536622524261475], [0.8320175409317017], [0.8169516324996948], [0.9390369653701782], [0.9064350128173828], [0.9312421679496765], [0.9062882661819458], [0.8994623422622681], [0.8955519199371338], [0.8105292916297913], [0.8128431439399719], [0.9420744776725769], [0.9079034328460693], [0.913468599319458], [0.8990175724029541], [0.8975409269332886], [0.9588897228240967], [0.9344840049743652], [0.7886401414871216], [0.8387592434883118], [0.8214522004127502], [0.7361632585525513], [0.8869207501411438], [0.9123305082321167], [0.8171453475952148], [0.7287654280662537], [0.7715680599212646], [0.937559962272644], [0.7732921242713928], [0.8351730108261108], [0.8232999444007874], [0.909462571144104], [0.9493545889854431], [0.9027076959609985], [0.8999491930007935], [0.8799266219139099], [0.8255176544189453], [0.9327163100242615], [0.9417084455490112], [0.8827008605003357], [0.8312572836875916], [0.9498893618583679], [0.817157506942749], [0.8588377237319946], [0.9476119875907898], [0.802568256855011], [0.9462776184082031], [0.8255519270896912], [0.8085262775421143], [0.7809327840805054], [0.8393941521644592], [0.9436203837394714], [0.886536717414856], [0.8273749351501465], [0.8941745162010193], [0.8358755707740784], [0.8863493800163269], [0.8083437085151672], [0.7288305759429932], [0.8003217577934265], [0.8130035400390625], [0.6542017459869385], [0.9364662170410156], [0.8118813633918762], [0.9278078675270081], [0.8960165977478027], [0.9429596662521362], [0.8377197980880737], [0.8828096389770508], [0.8263779282569885], [0.848783016204834], [0.8934824466705322], [0.7813170552253723], [0.8709093928337097], [0.8854788541793823], [0.874487578868866], [0.8397212624549866], [0.7310847043991089], [0.7744926810264587], [0.8254536986351013], [0.902108907699585], [0.8823511600494385], [0.89399653673172], [0.9307124614715576], [0.8965553045272827], [0.8990464806556702], [0.9339524507522583], [0.9288482666015625], [0.9397965669631958], [0.9068021178245544], [0.8984612822532654], [0.8296087384223938], [0.9095302224159241], [0.8978918790817261], [0.8275720477104187], [0.885276734828949], [0.9137923121452332], [0.8756260871887207], [0.8466233015060425], [0.7853168845176697], [0.9098860621452332], [0.928471565246582], [0.8157446980476379], [0.7873576879501343], [0.8355134725570679], [0.8580362200737], [0.9294244050979614], [0.8557182550430298], [0.8022420406341553], [0.8961222767829895], [0.9299567341804504], [0.7923102974891663], [0.91181480884552], [0.7748890519142151], [0.763144314289093], [0.9237957000732422], [0.8938688635826111], [0.9160395860671997], [0.9009685516357422], [0.7428396344184875], [0.8014347553253174], [0.8665304780006409], [0.8243314027786255], [0.7711728811264038], [0.9483629465103149], [0.8072221279144287], [0.8874098658561707], [0.8680938482284546], [0.8059487342834473], [0.9320826530456543], [0.9331631064414978], [0.8843623995780945], [0.8091134428977966], [0.9065432548522949], [0.8774855136871338], [0.8455635905265808], [0.83765709400177], [0.8156537413597107], [0.9403466582298279], [0.8657302856445312], [0.7809252142906189], [0.8151684999465942], [0.8466874361038208], [0.8510507345199585], [0.8640682697296143], [0.8665107488632202], [0.9642991423606873], [0.8880795240402222], [0.7395501732826233], [0.92283034324646], [0.9059476852416992], [0.8924316763877869], [0.8030709028244019], [0.9345657825469971], [0.9223973751068115], [0.9396087527275085], [0.8734813332557678], [0.882376492023468], [0.9272972345352173], [0.8898477554321289], [0.951748788356781], [0.8803697824478149], [0.9298750162124634], [0.902778685092926], [0.8174201846122742], [0.7932630777359009], [0.9009299278259277], [0.9444824457168579], [0.8508444428443909], [0.9036112427711487], [0.9427914023399353], [0.8311417102813721], [0.9457588791847229], [0.8264772891998291], [0.8443519473075867], [0.9305555820465088], [0.933817446231842], [0.8789693117141724], [0.8879112601280212], [0.9053391218185425], [0.8983479738235474], [0.8685808777809143], [0.9386081695556641], [0.8349611759185791], [0.7894557118415833], [0.9094299077987671], [0.9120292663574219], [0.7628588676452637], [0.8521894812583923], [0.7778074145317078], [0.879146933555603], [0.8445876836776733], [0.7793101072311401], [0.8990103602409363], [0.8907009363174438], [0.8901614546775818], [0.8322043418884277], [0.8889836668968201], [0.6283857822418213], [0.7946982979774475], [0.8911511301994324], [0.8552419543266296], [0.8732517957687378], [0.9027909636497498], [0.8910543322563171], [0.9400486946105957], [0.9377159476280212], [0.9423580169677734], [0.9141363501548767], [0.8549171090126038], [0.8467674255371094], [0.8199791312217712], [0.9262580871582031], [0.8109102845191956], [0.7385912537574768], [0.8308315873146057], [0.7841123342514038], [0.8673474192619324], [0.8320697546005249], [0.8775784373283386], [0.9430320858955383], [0.9456089735031128], [0.7833212614059448], [0.7648082971572876], [0.8940013647079468], [0.9487898945808411], [0.9268435835838318], [0.8541290163993835], [0.9026266932487488], [0.6903067231178284], [0.9505757689476013], [0.8164283633232117], [0.7326530814170837], [0.8617448806762695], [0.7829956412315369], [0.7953608632087708], [0.940569281578064], [0.8874334096908569], [0.9293639063835144], [0.9314076900482178], [0.8765307664871216], [0.8321424126625061], [0.9150116443634033], 