temperature_C,time_h,objective
350.0,20.0,0.725953686317964
200.0,10.0,4.313304559984601e-06
500.0,30.0,-0.07256811861678755
200.0,30.0,0.00013892393481704137
500.0,10.0,-0.10799232629796836
202.52100840336135,10.0,-0.007249135999538253
348.73949579831935,19.915966386554622,0.7100675317128287
351.26050420168065,21.260504201680675,0.8490239728694431
200.0,22.77310924369748,0.002177129576952716
386.5546218487395,21.764705882352942,0.8064146085441112
