{
  "Z50": -0.04325901344418526,
  "Z100": -0.03951681777834892,
  "Z150": -0.00826631486415863,
  "Z200": -0.07814212888479233,
  "Z250": 0.029743866994976997,
  "Z300": -0.09616264700889587,
  "Z400": -0.11554905027151108,
  "Z500": -0.01980811171233654,
  "Z600": 0.07872896641492844,
  "Z700": 0.004807052668184042,
  "Z850": -0.023970600217580795,
  "Z925": 0.001357414061203599,
  "Z1000": 0.0652988851070404,
  "T50": -0.005281249526888132,
  "T100": -0.05627564340829849,
  "T150": -0.05882154777646065,
  "T200": -0.022862577810883522,
  "T250": 0.07800435274839401,
  "T300": 0.028296833857893944,
  "T400": -0.01923356018960476,
  "T500": 0.021001677960157394,
  "T600": 0.02482217364013195,
  "T700": -0.020835693925619125,
  "T850": -0.046064674854278564,
  "T925": 0.00774103170260787,
  "T1000": -0.021810071542859077,
  "U50": 0.06466417759656906,
  "U100": 0.031077902764081955,
  "U150": 0.016294771805405617,
  "U200": 0.04352251812815666,
  "U250": 0.029383348301053047,
  "U300": -0.07820232212543488,
  "U400": -0.01221301220357418,
  "U500": 0.06003256142139435,
  "U600": 0.012995555065572262,
  "U700": 0.00773399043828249,
  "U850": -0.0666194036602974,
  "U925": 0.026159023866057396,
  "U1000": -0.03688141703605652,
  "V50": -0.027680106461048126,
  "V100": 0.11638733744621277,
  "V150": 0.0742984488606453,
  "V200": 0.013526839204132557,
  "V250": 0.11464591324329376,
  "V300": -0.03940794989466667,
  "V400": 0.07442507892847061,
  "V500": -0.008593834936618805,
  "V600": -0.058075420558452606,
  "V700": -0.018328826874494553,
  "V850": -0.020988386124372482,
  "V925": 0.008201822638511658,
  "V1000": 0.010433431714773178,
  "R50": 0.14169366657733917,
  "R100": -0.016431262716650963,
  "R150": -0.01349411066621542,
  "R200": 0.014483485370874405,
  "R250": 0.013863899745047092,
  "R300": -0.02121737226843834,
  "R400": -0.04556214064359665,
  "R500": -0.0019511653808876872,
  "R600": 0.06501255184412003,
  "R700": 0.004806330427527428,
  "R850": -0.12338660657405853,
  "R925": 0.00470243114978075,
  "R1000": 0.08906624466180801,
  "T2M": 0.012507927604019642,
  "U10": 0.00920675229281187,
  "V10": -0.05710568279027939,
  "MSL": 0.0011555576929822564,
  "TP": -0.002382148988544941
}