{
  "Z50": 14.159016227838348,
  "Z100": 14.116447666844444,
  "Z150": 14.122411387233381,
  "Z200": 14.128813231837006,
  "Z250": 14.14354962266495,
  "Z300": 14.096982079320567,
  "Z400": 14.107191169478497,
  "Z500": 14.145961037916832,
  "Z600": 14.141895922353712,
  "Z700": 14.104651796212002,
  "Z850": 14.12584607148068,
  "Z925": 14.176215191430696,
  "Z1000": 14.16130932490883,
  "T50": 14.133867964466003,
  "T100": 14.15425881896579,
  "T150": 14.096130263822118,
  "T200": 14.179564258987659,
  "T250": 14.066538273430355,
  "T300": 14.15090653732304,
  "T400": 14.123083117297986,
  "T500": 14.187371492595934,
  "T600": 14.114293443048531,
  "T700": 14.14125276430205,
  "T850": 14.1391829698146,
  "T925": 14.217311396649155,
  "T1000": 14.137423297486926,
  "U50": 14.10829511024112,
  "U100": 14.07766490992366,
  "U150": 14.096921655936088,
  "U200": 14.140169080957694,
  "U250": 14.182386462613003,
  "U300": 14.100246874609242,
  "U400": 14.11092233702639,
  "U500": 14.03242891515185,
  "U600": 14.185696292372116,
  "U700": 14.199082677198732,
  "U850": 14.14549672715792,
  "U925": 14.13830364135841,
  "U1000": 14.130177739331014,
  "V50": 14.101719007497625,
  "V100": 14.114679754819573,
  "V150": 14.138005158315105,
  "V200": 14.16768843697907,
  "V250": 14.116281543956456,
  "V300": 14.13515127681315,
  "V400": 14.114890579762992,
  "V500": 14.172802422204004,
  "V600": 14.167916706441972,
  "V700": 14.122930592162268,
  "V850": 14.097462659329395,
  "V925": 14.116617499900286,
  "V1000": 14.129853010387931,
  "R50": 14.183943471911583,
  "R100": 14.204972463665325,
  "R150": 14.182371209031523,
  "R200": 14.037714141434751,
  "R250": 14.137591855047901,
  "R300": 14.122605095875794,
  "R400": 14.073877604980131,
  "R500": 14.145813507142888,
  "R600": 14.10936777832853,
  "R700": 14.186048991433683,
  "R850": 14.154077611531328,
  "R925": 14.07280443892015,
  "R1000": 14.130646027213235,
  "T2M": 14.174742743744433,
  "U10": 14.185840224914907,
  "V10": 14.109852886926962,
  "MSL": 14.166514138714943,
  "TP": 8.520357360825301
}