{
  "days": [
    1,
    2,
    3,
    4,
    5,
    6,
    7,
    8,
    9,
    10,
    11,
    12,
    13,
    14,
    15
  ],
  "cascade_improvement_pct": [
    7.643366425309729,
    13.440984576378762,
    17.935003841779693,
    21.47192014974847,
    24.283607069274005,
    28.78971302014328,
    31.63905004230157,
    34.07153507145576,
    36.16563610561651,
    37.98164808562291,
    40.31779735470582,
    42.41388704700073,
    44.30767039686215,
    46.02980573940662,
    47.60545623231163
  ],
  "twostep_improvement_pct": [
    2.9671350355475212,
    5.303656151939274,
    7.200318165466074,
    8.779105150040374,
    10.121709047474289,
    11.284938114082639,
    12.309555618068908,
    13.225599463296472,
    14.055715155683435,
    14.817316545680864,
    15.524028310046416,
    16.186673749385655,
    16.813966448710936,
    17.41300417380283,
    17.989627736620008
  ],
  "ecmwf_improvement_pct": [
    3.6926154720806044,
    1.6287731799255967,
    -0.34708749633351293,
    -2.2576223234611335,
    -4.116506273162416,
    -5.9318304689088395,
    -7.708052880192594,
    -9.447175620205433,
    -11.149486805122763,
    -12.814046556043222,
    -14.439017202056547,
    -16.021895731758228,
    -17.559683352416364,
    -19.049013717515077,
    -20.486253493264478
  ]
}