,0,1,accuracy,macro avg,weighted avg
precision,0.9654178674351584,0.3314285714285714,0.7528735632183908,0.6484232194318649,0.8804001457484514
recall,0.7411504424778761,0.8285714285714286,0.7528735632183908,0.7848609355246523,0.7528735632183908
f1-score,0.8385481852315394,0.47346938775510206,0.7528735632183908,0.6560087864933207,0.7895912583668832
support,452.0,70.0,0.7528735632183908,522.0,522.0
