,0,1,accuracy,macro avg,weighted avg
precision,0.9886621315192744,0.8024691358024691,0.9597701149425287,0.8955656336608717,0.9636937221319635
recall,0.9646017699115044,0.9285714285714286,0.9597701149425287,0.9465865992414665,0.9597701149425287
f1-score,0.9764837625979843,0.8609271523178808,0.9597701149425287,0.9187054574579325,0.9609876654339857
support,452.0,70.0,0.9597701149425287,522.0,522.0
