,0,1,accuracy,macro avg,weighted avg
precision,0.6363636363636364,0.1875,0.47126436781609193,0.4119318181818182,0.5022204806687565
recall,0.5737704918032787,0.23076923076923078,0.47126436781609193,0.40226986128625475,0.47126436781609193
f1-score,0.603448275862069,0.20689655172413793,0.47126436781609193,0.4051724137931034,0.48493856520015854
support,366.0,156.0,0.47126436781609193,522.0,522.0
