,0,1,accuracy,macro avg,weighted avg
precision,0.6628352490421456,0.0,0.6628352490421456,0.3314176245210728,0.4393505673727632
recall,1.0,0.0,0.6628352490421456,0.5,0.6628352490421456
f1-score,0.7972350230414746,0.0,0.6628352490421456,0.3986175115207373,0.5284354750428165
support,346.0,176.0,0.6628352490421456,522.0,522.0
