,0,1,accuracy,macro avg,weighted avg
precision,0.9725609756097561,0.8608247422680413,0.9310344827586207,0.9166928589388987,0.9348874563221281
recall,0.9219653179190751,0.9488636363636364,0.9310344827586207,0.9354144771413557,0.9310344827586207
f1-score,0.9465875370919882,0.9027027027027027,0.9310344827586207,0.9246451198973454,0.931791117834298
support,346.0,176.0,0.9310344827586207,522.0,522.0
