,0,1,accuracy,macro avg,weighted avg
precision,0.5777777777777777,0.024691358024691357,0.4061302681992337,0.30123456790123454,0.41248758336880936
recall,0.5683060109289617,0.02564102564102564,0.4061302681992337,0.2969735182849937,0.4061302681992337
f1-score,0.5730027548209367,0.025157232704402517,0.4061302681992337,0.2990799937626696,0.40927880568266206
support,366.0,156.0,0.4061302681992337,522.0,522.0
