,0,1,accuracy,macro avg,weighted avg
precision,0.8659003831417624,0.0,0.8659003831417624,0.4329501915708812,0.7497834735250509
recall,1.0,0.0,0.8659003831417624,0.5,0.8659003831417624
f1-score,0.9281314168377823,0.0,0.8659003831417624,0.46406570841889117,0.8036693494457425
support,452.0,70.0,0.8659003831417624,522.0,522.0
