,0,1,accuracy,macro avg,weighted avg
precision,0.7011494252873564,0.0,0.7011494252873564,0.3505747126436782,0.49161051658079014
recall,1.0,0.0,0.7011494252873564,0.5,0.7011494252873564
f1-score,0.8243243243243243,0.0,0.7011494252873564,0.41216216216216217,0.5779745262503884
support,366.0,156.0,0.7011494252873564,522.0,522.0
