,0,1,accuracy,macro avg,weighted avg
precision,0.845360824742268,0.5670995670995671,0.7222222222222222,0.7062301959209176,0.7515409371079473
recall,0.7109826589595376,0.7443181818181818,0.7222222222222222,0.7276504203888596,0.7222222222222222
f1-score,0.7723704866562009,0.6437346437346437,0.7222222222222222,0.7080525651954224,0.7289990147133004
support,346.0,176.0,0.7222222222222222,522.0,522.0
