tool,average_precision,average_precision_ci_low,average_precision_ci_high,roc_auc,roc_auc_ci_low,roc_auc_ci_high,brier_score,best_f1,best_f1_threshold,recall_at_precision_0.90,recall_at_precision_0.95
uncalled4,0.9929060118782584,0.990426873668524,0.9951622809368509,0.9978548046089034,0.9969565898020388,0.9985842227431142,0.06043636577948046,0.9637506041565974,0.5238954938913503,0.9833984375,0.974609375
nanopolish,0.7784035914122032,0.7554979442021437,0.8024923583729769,0.9011765907947686,0.8901667034220356,0.9120279219244022,0.11561497800555007,0.6984126984126985,0.4900619078949613,0.4326171875,0.33984375
