Chemistry,Uncalled4_time_min,BestBaseline_time_tool,BestBaseline_time_min,Speedup_vs_best_baseline,Uncalled4_file_MB,SmallestBaseline_file_tool,SmallestBaseline_file_MB,Compression_vs_smallest_baseline
DNA r9.4,39.584270286340754,f5c,256.9233393707774,6.490541255712709,139.82065109661204,Tombo,387.1214988819064,2.768700444789208
DNA r10.4,54.44913685523318,f5c,1573.468570353864,28.89795249715948,118.70855767886827,f5c,3718.581557173333,31.325303161654794
RNA001,114.66766338728108,f5c,144.97187941072403,1.264278656495274,21.22445364382001,Tombo,86.60282432245239,4.080332326842665
RNA004,60.18828566025166,f5c,68.30231471920341,1.1348107687391777,48.43795288655033,f5c,536.1037278441161,11.067844446270456
