model_id,label,modality,chemistry,k,n_kmers,current_mean_mean,current_mean_std,current_mean_min,current_mean_max,current_std_mean,current_std_std,dwell_mean,dwell_std,dwell_median
dna_r9.4.1,DNA R9.4.1 6-mer,DNA,R9.4.1,6,4096,1.6479873021779667e-17,1.0001220926687908,-2.8223267334635755,2.903624693668017,0.12457629602574387,0.014293904194210814,12.529052734375,8.059675818029156,10.0
dna_r10.4.1,DNA R10.4.1 9-mer,DNA,R10.4.1,9,262144,2.3771132631744685e-17,1.0000019073540882,-3.2789043581452644,3.156355198239986,0.12499407030565315,0.014421137432490051,12.540740966796875,8.024062036393799,10.0
rna_r9.4.1,RNA001 R9.4.1 5-mer,RNA,RNA001,5,1024,1.951563910473908e-17,1.000488639169156,-2.4602796093744868,2.4082268069952795,0.12468127695394857,0.014004891660015553,12.576171875,8.534334003622433,10.0
rna004,RNA004 9-mer,RNA,RNA004,9,262144,-4.393983413881683e-17,1.0000019073540853,-3.2024809597905404,3.3179590297390766,0.12496064529581649,0.01441839052651382,12.514026641845703,8.021345454635803,10.0
