{
  "(16, 12)": {
    "mean": 0.7996194809368216,
    "std": 0.31971965991451035,
    "sem": 0.04521518792084141,
    "n": 50,
    "values": [
      0.9421282398371589,
      1.0433972670403926,
      1.0660320041136462,
      1.0451512372779659,
      0.6188062875293254,
      0.9384941741265589,
      0.9265928986144729,
      1.0417931279095187,
      0.5037813055156726,
      0.4586293115804245,
      0.5206561034093482,
      0.4847928774195176,
      0.8486299092448715,
      0.7664475926871557,
      0.2157620061319132,
      1.0509601347474575,
      0.8280919706192926,
      0.6232375263942287,
      1.4100711431424289,
      0.6904379388212285,
      0.5155336592121738,
      0.8461989089291471,
      0.4872670594310713,
      0.8552284428059072,
      0.05198542430441,
      0.38372609462477336,
      1.07389560780656,
      0.5823218614290295,
      0.674792019235938,
      0.8439545721488095,
      1.311711893728026,
      0.7834900716874731,
      1.112512311311733,
      0.8847567917316657,
      1.1487310639142945,
      1.0562339297624268,
      0.7847954606070253,
      0.7065068704240491,
      1.2309468952632736,
      0.5803889321647644,
      1.022852838982545,
      1.2198520720339707,
      0.13816437384427482,
      0.6786324373716837,
      0.7486668929092342,
      0.3724513201716817,
      0.49938721623292226,
      1.2731766617494942,
      1.4410118468811168,
      0.6479074599790251
    ]
  },
  "(24, 12)": {
    "mean": 0.6632842885855501,
    "std": 0.28994514279951566,
    "sem": 0.041004435329127877,
    "n": 50,
    "values": [
      0.8897614469141888,
      0.5248413829763976,
      1.079931801218108,
      0.8660534456048743,
      0.8240489916060028,
      0.5855866924065203,
      0.8514233492935226,
      0.4665196064022463,
      0.5015081911787198,
      0.8469662680645798,
      0.569673944985053,
      0.6827811460631907,
      0.32100911074351357,
      0.26280521056979134,
      0.6019129412216238,
      0.8314112075406939,
      0.8511460666468937,
      0.7238991466489644,
      0.6281774817040215,
      0.8399713861739428,
      0.2556462172320664,
      0.7819830551036655,
      0.27705882807818183,
      0.06295044787099457,
      0.42364182720354737,
      0.6490579063464197,
      0.5657445904558434,
      0.6708383259217452,
      0.6035523613441285,
      0.7442859989227819,
      0.3897921313434203,
      0.48262153769409744,
      0.5985151876205395,
      0.6986762220638851,
      0.4424427417262504,
      1.084783351785525,
      0.6815220449180734,
      1.759660436951818,
      0.14139526600069718,
      0.3388960307620583,
      0.6014698768304811,
      1.0142925879988556,
      0.6365555431686776,
      0.574307269069358,
      0.7347581893136752,
      0.6834928745244517,
      1.0856413273530543,
      1.0589218391097526,
      0.4468125134161922,
      0.9254690811844148
    ]
  },
  "(32, 12)": {
    "mean": 0.5644693601236068,
    "std": 0.31398988445372994,
    "sem": 0.04440487530424259,
    "n": 50,
    "values": [
      0.302798590429741,
      0.7940100835349004,
      0.5998509534356358,
      0.6998599083400276,
      1.216917502661679,
      0.6262477926113068,
      0.6769380131939786,
      0.5695029892978598,
      0.5499085168407318,
      0.3534679223843826,
      0.2572245752383808,
      0.26058029007483463,
      0.30703952728176875,
      0.9920742580412061,
      0.39088469367904777,
      0.3068629500483815,
      0.9962635553041159,
      1.1131002614095502,
      0.8730921573629484,
      0.44336789905319884,
      0.4078817075697909,
      0.28403872530226737,
      0.3016390267254776,
      0.7917210346145431,
      0.5703205132725342,
      0.3355003419268072,
      0.8936958408262492,
      0.7450352812898438,
      0.026455053689460994,
      0.4566509692648575,
      0.7928568388737243,
      0.5796046371713963,
      0.7651763254339456,
      0.7277305762687338,
      0.13659301484062913,
      0.32164157513297487,
      0.10487699493767866,
      0.26935169441687234,
      0.7856984247362462,
      1.358835006477754,
      0.532889333864665,
      0.44563993592399753,
      0.7924648174359905,
      0.06834137589214406,
      0.10444036576899496,
      0.6177310046422924,
      1.1137108295423706,
      0.2250305144071043,
      0.5124011735021259,
      0.8255226322051956
    ]
  },
  "(40, 12)": {
    "mean": 0.4260097944481408,
    "std": 0.27599413440193393,
    "sem": 0.03903146480066377,
    "n": 50,
    "values": [
      0.5980742731824602,
      0.14285167540233878,
      0.5582587100885339,
      0.5141860045838733,
      0.7521590052192977,
      0.14706713318427833,
      0.015040215552281966,
      0.20647471836040943,
      0.6332510223673573,
      0.07641402984991652,
      0.58770725031399,
      0.14769834327072484,
      0.7111083089153301,
      0.3557721932142379,
      0.32242009113667036,
      0.14567035036413079,
      1.1831695387811432,
      0.49778524117287404,
      0.33482683791555745,
      0.239634782068616,
      0.5089393428028739,
      0.5004967647129177,
      0.5035283966182083,
      0.5004923978844165,
      0.5197812710245642,
      0.9024790496332435,
      0.9588324128718362,
      0.5316614968598714,
      0.11795587002249919,
      -0.01208980851582453,
      0.3143030011454482,
      0.7401723908089868,
      0.4047819147571834,
      0.5827813973671945,
      -0.049137272934683396,
      0.23389774566289168,
      0.4182614960543585,
      0.3767355482052861,
      0.567821047734347,
      0.35487828361726437,
      0.47852714176023103,
      0.37230325808351195,
      0.31935821615090965,
      0.719780118742992,
      0.34776453893487225,
      0.050614653143947974,
      -0.07895782179008193,
      0.4685925368816375,
      1.0210691913748255,
      0.45529541784728766
    ]
  }
}