{
  "(40, 10)": {
    "mean": 0.45022974436541163,
    "std": 0.3223226212967154,
    "sem": 0.04558330224974619,
    "n": 50,
    "values": [
      0.4555652525773197,
      0.07224683958642109,
      0.43429692007246246,
      0.6289718156862585,
      0.22101591086483996,
      0.422789149329303,
      0.22107555282413816,
      0.8288138196412926,
      0.35178707606865744,
      0.624199791161526,
      -0.07578474682702296,
      0.6672231025650501,
      0.5153329109540148,
      0.5804584553377872,
      0.2301810755061502,
      0.4150490354568681,
      0.3543898468865323,
      0.676531293431659,
      0.12116544067536505,
      0.31066599147923113,
      0.1628019953234705,
      0.26511945168122475,
      0.4844959667704729,
      0.1685911052912452,
      0.36374434655654464,
      0.7378464318196845,
      0.6801904175650875,
      0.4941440516148361,
      0.7964404471925306,
      0.31712915044088863,
      0.34782162664166494,
      1.6770076080299674,
      0.3317371449621871,
      1.3803938803427713,
      0.011105033471310088,
      0.14526872707803928,
      0.850573314933283,
      0.5862492342861654,
      0.20310200742127638,
      -0.06965957616338048,
      0.2925701217154557,
      0.5959446608049064,
      0.7432869410791114,
      0.12282571263967546,
      0.19821685125182098,
      0.4225458950901779,
      0.36397914140433896,
      0.5851165058288998,
      0.5934493484435477,
      0.603475141475522
    ]
  },
  "(40, 12)": {
    "mean": 0.4568927431440281,
    "std": 0.28382325904423317,
    "sem": 0.04013867022572867,
    "n": 50,
    "values": [
      0.30741609289758154,
      0.5225619438540396,
      -0.09829521054014623,
      0.7877892269844913,
      0.742940537264366,
      0.43425313963151835,
      0.8793922553412543,
      0.6587565000525015,
      0.11500408259150996,
      0.6368370909509822,
      0.24805110243666784,
      0.7851104084599207,
      0.7113805183049327,
      0.24679398763102522,
      0.26111479764667145,
      0.45282800067204754,
      0.29488575331273514,
      0.8017617656522404,
      0.5570383332017892,
      0.3758175323989583,
      0.7755516210976698,
      0.25289512759083177,
      0.04653523340218779,
      0.022415156636522715,
      0.4229350379738892,
      0.6285467795575923,
      0.48703566636862394,
      0.9028740946716121,
      0.5393822251029399,
      0.5784930266697677,
      0.6802780588998736,
      1.047710856439985,
      0.400150073711663,
      0.01634000832751248,
      0.3282311652725838,
      0.038207405776983006,
      0.6564859013040134,
      0.4810090878751019,
      0.9644362436133171,
      0.573744212596603,
      0.4950939889179853,
      0.36047858518147136,
      0.06345639357854926,
      0.4146879548822473,
      -0.003796406273292696,
      0.2896388989457175,
      0.55454520505026,
      -0.0362525913770686,
      0.4080340955000519,
      0.7340561911611228
    ]
  },
  "(40, 14)": {
    "mean": 0.39718262457389214,
    "std": 0.25997644873185166,
    "sem": 0.036766221969417825,
    "n": 50,
    "values": [
      0.06828759093618042,
      0.5503135089176028,
      0.31277265991287906,
      0.42253557435501365,
      0.20120743930669027,
      0.1233366088892418,
      0.33866545172096374,
      0.4615457310560689,
      0.035405216073977286,
      0.710624947944168,
      0.31272437716683177,
      0.07454147381645093,
      0.7515719745181513,
      -0.05809522136058454,
      0.5422621913102565,
      0.058438847968821594,
      0.4236466511945709,
      0.6224960153350989,
      0.5137671994414075,
      0.034777301553769124,
      0.2596916796672346,
      0.24726863196449567,
      0.4597171413115746,
      0.4187263588627339,
      0.19413876525847384,
      0.503061454009047,
      0.5928039445922693,
      0.1438331596100486,
      0.2700164972391381,
      0.36700179178202896,
      0.6967419535607486,
      0.6198288868846049,
      0.1643438279565974,
      0.9922154394616514,
      0.6821850728188508,
      0.9508573789935997,
      0.5868177250756681,
      0.4052324866931081,
      0.4142530824337878,
      0.6629078397473069,
      0.28898357789789975,
      0.5353702362974251,
      0.15029822485810773,
      -0.1278154325552332,
      0.38680064528215086,
      0.16687244471344398,
      0.2865598113636405,
      0.6343391754657113,
      0.9375778967904793,
      0.46767599060045306
    ]
  },
  "(40, 16)": {
    "mean": 0.36805386674716034,
    "std": 0.277164325647347,
    "sem": 0.039196954833647116,
    "n": 50,
    "values": [
      0.6054921508849762,
      0.2506225052301079,
      0.272451065184796,
      0.5566963543540864,
      0.49884545904896216,
      0.1095976179399103,
      1.0497691758681231,
      0.4331330341216577,
      0.8827014975274465,
      0.37859917367379814,
      0.09505100715000236,
      0.13095287255154897,
      0.3995865102009779,
      0.2986427873836037,
      -0.20298389684150753,
      0.3055346280492246,
      0.1659671769286437,
      -0.05489943030004585,
      0.2436981247036294,
      0.012777547196026529,
      -0.052683830573550416,
      0.12350094634759312,
      0.691510344243963,
      0.6067765323493592,
      0.4559297913228153,
      0.3723377265007497,
      0.4991351605966192,
      0.3128147613999557,
      1.2515988877289432,
      0.6879884851231826,
      0.2032423234586327,
      0.6698797386974555,
      0.33419886331091453,
      0.6659138524758355,
      0.5765631265269995,
      0.25389046098049217,
      0.21082745885575216,
      0.31623378943876346,
      0.3038880163474482,
      0.24094286569655665,
      0.4159118504740773,
      0.6879691797783987,
      0.42352887854272425,
      0.07587308580741303,
      0.28964550257089483,
      0.5558273528301012,
      0.2724776383033096,
      0.3004331232193518,
      0.07635802650973855,
      0.14794403763755826
    ]
  },
  "(40, 18)": {
    "mean": 0.26612688347684343,
    "std": 0.29159297053283834,
    "sem": 0.04123747336201982,
    "n": 50,
    "values": [
      0.5816726880606888,
      0.7969210097934183,
      0.12874507644717004,
      0.0012197894480607818,
      -0.01228401552521452,
      0.46165799399050544,
      0.09299343175588781,
      0.016870903555427308,
      0.530826843282191,
      0.09215691756921363,
      0.30677430500533154,
      -0.06384985309788471,
      0.3760073463963727,
      0.7491203139961224,
      0.3694508153713265,
      0.17324161514235192,
      0.3278884105172586,
      0.6523148933499552,
      0.5621746351207375,
      0.5280397159365036,
      -0.07160128716914083,
      -0.10351164156767967,
      0.23026249136884824,
      0.216850217102998,
      0.7012259054832755,
      -0.2630059146045478,
      0.11518069076285786,
      0.25861670201483733,
      0.1377286943048619,
      0.0823120965820261,
      -0.26032747889459684,
      0.8103805469133221,
      0.290603122734445,
      0.08564487500126572,
      0.4660250710124365,
      0.6894579271031511,
      0.49701927703593407,
      0.3938552856430433,
      -0.375933952597056,
      0.5291928091343734,
      0.3373007385401747,
      0.01802189288723799,
      0.39902089113106687,
      0.4895824022294275,
      -0.1722804991167054,
      0.12191817838298946,
      0.3357023469960363,
      0.0007581228935404916,
      0.5576426819968279,
      0.1167591444214966
    ]
  },
  "(40, 20)": {
    "mean": 0.301999734674934,
    "std": 0.3363201847692581,
    "sem": 0.04756285666005101,
    "n": 50,