feature,importance,std
Cationic-ATAC,0.7091942903038996,0.06427325703456291
Nucleophilic-HEA,0.701806254340055,0.14328742863889155
Aromatic-PEA,0.380721147863064,0.06602059076003892
Hydrophobic-BA,0.26651899781947563,0.04830078483837161
Amide-AAm,0.00019720051811296843,0.000116442494863805
Acidic-CBEA,7.523205859499837e-05,4.901033187316383e-05
