rmse,mae,r2,spearman,pearson,model
20.891893124909032,15.326456231719098,0.7923154671933574,0.8592746846977061,0.8901571506269061,GaussianProcess
23.762560753434876,15.91898986745257,0.7313201832712364,0.8318062666830608,0.8561664167408519,RandomForest
38.1267991754812,27.69924962263678,0.30831356806808596,0.45609055198326703,0.5579354272947211,Ridge
39.266277469442684,28.107465901698244,0.26635151474347973,0.45838777398217756,0.5202694500022426,Linear
