name,count,min,q01,q05,q25,median,q75,q95,q99,max,mean,std,geometric_mean,log10_mean,log10_std,fraction_below_1e-3,fraction_below_1e-4,fraction_above_1e-2,fraction_above_1e-1
resolution_mismatch,1500,8.182058252102732e-06,3.02044674755844e-05,6.408253983344665e-05,0.0001891664013006976,0.0004249407871194731,0.0009046546054452167,0.003122652402503906,0.007158164256168963,0.04073090157875922,0.0008733345414674213,0.0016497878302906164,0.00042425046650030414,-3.372377671465451,0.5160581979147948,0.7773333333333333,0.114,0.002,0.0
