name,count,min,q01,q05,q25,median,q75,q95,q99,max,mean,std,geometric_mean,log10_mean,log10_std,fraction_below_1e-3,fraction_below_1e-4,fraction_above_1e-2,fraction_above_1e-1
N2vsN3,1200,1.2371023632642287e-06,2.150690036598567e-06,4.2433069127008725e-06,1.0585860909234146e-05,2.0311833782851758e-05,3.9303323956561656e-05,0.00010063866184946267,0.000213604958303485,0.0005337088549580625,3.3523158783457876e-05,4.3152056747278964e-05,2.0549581494287806e-05,-4.687197018389966,0.42643470219900736,1.0,0.9475,0.0,0.0
N2vsN4,1200,1.237320797973349e-06,2.906299613852815e-06,7.287486145293899e-06,2.3053531036744737e-05,5.34385905352434e-05,0.00012098649084987422,0.0003880799521105065,0.0008834756985330718,0.0030616693304919935,0.00011242067511917866,0.00020480194748350762,5.2816636622157453e-05,-4.27722925823976,0.5328766242842328,0.9941666666666666,0.705,0.0,0.0
