ell,median,q95,q99,log10_std,fraction_above_1e-2,median_ratio_to_ell2,q95_ratio_to_ell2
2,0.00029969399389983696,0.0006735590986490886,0.0009160927707190097,0.2135457615597474,0.0,1.0,1.0
3,0.0005442096794771895,0.0014674620972260845,0.0020436877959827617,0.2646726193214818,0.0,1.8158845040420597,2.1786686575376577
4,0.0008338878376441905,0.0026433568540282547,0.004538284357825646,0.3046731102838917,0.0,2.7824642956404744,3.9244616535206114
5,0.0011487391999432986,0.004575399552339602,0.008360600476597823,0.35897974427835666,0.005333333333333333,3.8330404456728204,6.792870234425113
6,0.0015760452725361936,0.0069696345264572005,0.013752523457055339,0.3982563275900155,0.024,5.25884837406163,10.347472909854117
7,0.0019739359360900297,0.009332719502194126,0.015328989726938748,0.4170473091127022,0.03933333333333333,6.586504822481541,13.855828717794955
8,0.0022674572547313277,0.013664879842188086,0.03013854490146602,0.4807042421150206,0.09666666666666666,7.565908229342601,20.287573680757635
