angle_degrees,angle_radians,intensity,target_energy,target_kx,fit_intensity,residual
0,0.0,0.5058211223955432,0.2487437185929648,0.0422818791946308,0.5058015738109417,1.9548584601514207e-05
30,0.5235987755982988,0.4968494146268399,0.2487437185929648,0.0422818791946308,0.4968510679824328,-1.6533555928788246e-06
60,1.0471975511965976,0.4967856820182386,0.2487437185929648,0.0422818791946308,0.49676779898770296,1.78830305356259e-05
90,1.5707963267948966,0.5058451334080547,0.2487437185929648,0.0422818791946308,0.5058015738109417,4.3559597112996506e-05
120,2.0943951023931957,0.4968527213380256,0.2487437185929648,0.0422818791946308,0.4968510679824328,1.6533555928233135e-06
150,2.6179938779914944,0.4967499159571673,0.2487437185929648,0.0422818791946308,0.49676779898770296,-1.788303053568141e-05
180,3.141592653589793,0.5057384656292272,0.2487437185929648,0.0422818791946308,0.5058015738109417,-6.310818171451071e-05
