angle_deg,feature,target_energy_ev,target_kx_a_inv,pump_on_intensity,pump_off_intensity,difference_intensity,scan_intensity,scan_intensity_norm,raw_diff_norm
0,replica_plus,0.24874371859296485,0.00201342281879191,45.05718001646559,27.965043376383267,17.09213664008232,0.5058211223955432,1.0103021640168603,1.1944735072600932
30,replica_plus,0.24874371859296485,0.00201342281879191,40.14092354682095,27.965043376383267,12.175880170437683,0.4968494146268399,0.9923825173822545,0.8509039330434041
60,replica_plus,0.24874371859296485,0.00201342281879191,40.22203517024134,27.965043376383267,12.256991793858074,0.4967856820182386,0.99225522101297,0.8565723691989698
90,replica_plus,0.24874371859296485,0.00201342281879191,45.006260635012566,27.965043376383267,17.0412172586293,0.5058451334080547,1.0103501224290865,1.1909150374542132
120,replica_plus,0.24874371859296485,0.00201342281879191,40.17660687430267,27.965043376383267,12.211563497919403,0.4968527213380256,0.992389122044098,0.8533976405432521
150,replica_plus,0.24874371859296485,0.00201342281879191,40.283844008948215,27.965043376383267,12.318800632564948,0.4967499159571673,0.9921837836464805,0.8608918420597671
180,replica_plus,0.24874371859296485,0.00201342281879191,45.03388673354007,27.965043376383267,17.068843357156805,0.5057384656292272,1.0101370694682494,1.1928456704403012
