scenario,mean_mangrove_slr_mm_yr,median_mangrove_slr_mm_yr,p90_mangrove_slr_mm_yr,max_mangrove_slr_mm_yr
ssp245,6.524060222222223,6.4,7.355555555555556,18.044444444444448
ssp370,7.730459555555557,7.588888888888889,8.544444444444444,19.133333333333336
ssp585,8.912632555555557,8.755555555555556,9.655555555555557,20.366666666666667
