name,count,mean,std,min,q25,median,q75,q90,q95,max,median_ci_low,median_ci_high,comparison
N2vsN3,1200,3.3523158783457876e-05,4.3152056747278964e-05,1.2371023632642287e-06,1.0585860909234146e-05,2.0311833782851758e-05,3.9303323956561656e-05,7.230728652897097e-05,0.00010063866184946267,0.0005337088549580625,1.9081473827680612e-05,2.2188681672351868e-05,N2vsN3
N2vsN4,1200,0.00011242067511917866,0.00020480194748350762,1.237320797973349e-06,2.3053531036744737e-05,5.34385905352434e-05,0.00012098649084987422,0.00026439720171843144,0.0003880799521105065,0.0030616693304919935,4.8475036632312376e-05,5.7410344988343225e-05,N2vsN4
