name,count,mean,std,min,q25,median,q75,q90,q95,max,median_ci_low,median_ci_high,ell,median_ratio_to_ell2
ell2,1500,0.0003413676622254743,0.00018313374882271646,6.628916080655891e-05,0.00021834510238468815,0.00029969399389983696,0.00041952798455533174,0.0005626152228132173,0.0006735590986490886,0.0021364510165779727,0.00029134396149055894,0.00031105898150150064,2,1.0
ell3,1500,0.0006443820007054019,0.0004169941870161412,9.068579530484397e-05,0.0003544538420492018,0.0005442096794771895,0.000795851727939984,0.0011601764578219184,0.0014674620972260845,0.00385773660446464,0.0005228618421196603,0.0005680911454109576,3,1.8158845040420597
ell4,1500,0.00106306981568747,0.0008677390888128943,9.1818203783112e-05,0.0005272452570300879,0.0008338878376441905,0.001332608718233947,0.002004724027438824,0.0026433568540282547,0.007499115702404286,0.0007973410216836126,0.0008630796480217958,4,2.7824642956404744
ell5,1500,0.001652750396613164,0.0016366294464917057,9.014373822084304e-05,0.0006575058391546823,0.0011487391999432986,0.0020829698573754576,0.003413830686360864,0.004575399552339602,0.019959544371461403,0.001098867284288442,0.001203846965679037,5,3.8330404456728204
ell6,1500,0.0024218062526743774,0.002734412525170091,4.933880613168732e-05,0.0008626992605842476,0.0015760452725361936,0.0029170397056015626,0.005230001616930416,0.0069696345264572005,0.03257647023543094,0.0014932072200450465,0.0016883670260998524,6,5.25884837406163
ell7,1500,0.003044520974261209,0.003384748658852131,3.8881815590205794e-05,0.0010155136842601004,0.0019739359360900297,0.0037128660648312346,0.006672480480309193,0.009332719502194126,0.03620802807186674,0.0018399923515054195,0.002101332474540813,7,6.586504822481541
ell8,1500,0.004238792812745954,0.0063411263452756855,5.856205762886378e-05,0.0011355644032502274,0.0022674572547313277,0.004789193276960034,0.009888290828232728,0.013664879842188086,0.09859433472149347,0.002149593364988936,0.002435232201193626,8,7.565908229342601
