name,count,mean,std,min,q25,median,q75,q90,q95,max,median_ci_low,median_ci_high
resolution_difference,1500,0.0008733345414674213,0.0016497878302906164,8.182058252102732e-06,0.0001891664013006976,0.0004249407871194731,0.0009046546054452167,0.0020565016876326328,0.003122652402503906,0.04073090157875922,0.00039619138007480567,0.0004572429597411358
