{
  "train": {
    "multi_class_report": {
      "0": {
        "precision": 0.9504950495049505,
        "recall": 0.96,
        "f1-score": 0.9552238805970149,
        "support": 200.0
      },
      "2": {
        "precision": 0.9444444444444444,
        "recall": 0.85,
        "f1-score": 0.8947368421052632,
        "support": 20.0
      },
      "3": {
        "precision": 0.375,
        "recall": 0.15,
        "f1-score": 0.21428571428571427,
        "support": 20.0
      },
      "5": {
        "precision": 0.42857142857142855,
        "recall": 0.3,
        "f1-score": 0.35294117647058826,
        "support": 20.0
      },
      "6": {
        "precision": 0.5862068965517241,
        "recall": 0.85,
        "f1-score": 0.6938775510204082,
        "support": 20.0
      },
      "7": {
        "precision": 0.4444444444444444,
        "recall": 0.6,
        "f1-score": 0.5106382978723404,
        "support": 20.0
      },
      "8": {
        "precision": 0.45454545454545453,
        "recall": 0.5,
        "f1-score": 0.47619047619047616,
        "support": 20.0
      },
      "9": {
        "precision": 0.65,
        "recall": 0.65,
        "f1-score": 0.65,
        "support": 20.0
      },
      "accuracy": 0.7941176470588235,
      "macro avg": {
        "precision": 0.6042134647578058,
        "recall": 0.6074999999999999,
        "f1-score": 0.5934867423177257,
        "support": 340.0
      },
      "weighted avg": {
        "precision": 0.7875390096239412,
        "recall": 0.7941176470588235,
        "f1-score": 0.7849946390538198,
        "support": 340.0
      }
    },
    "multi_class_confusion_matrix": [
      [
        192,
        1,
        3,
        0,
        1,
        1,
        0,
        2
      ],
      [
        3,
        17,
        0,
        0,
        0,
        0,
        0,
        0
      ],
      [
        4,
        0,
        3,
        1,
        7,
        3,
        1,
        1
      ],
      [
        1,
        0,
        0,
        6,
        3,
        6,
        2,
        2
      ],
      [
        1,
        0,
        2,
        0,
        17,
        0,
        0,
        0
      ],
      [
        1,
        0,
        0,
        0,
        0,
        12,
        7,
        0
      ],
      [
        0,
        0,
        0,
        3,
        0,
        5,
        10,
        2
      ],
      [
        0,
        0,
        0,
        4,
        1,
        0,
        2,
        13
      ]
    ],
    "binary_report": {
      "0": {
        "precision": 0.9504950495049505,
        "recall": 0.96,
        "f1-score": 0.9552238805970149,
        "support": 200.0
      },
      "1": {
        "precision": 0.9420289855072463,
        "recall": 0.9285714285714286,
        "f1-score": 0.935251798561151,
        "support": 140.0
      },
      "accuracy": 0.9470588235294117,
      "macro avg": {
        "precision": 0.9462620175060984,
        "recall": 0.9442857142857143,
        "f1-score": 0.945237839579083,
        "support": 340.0
      },
      "weighted avg": {
        "precision": 0.9470090231529547,
        "recall": 0.9470588235294117,
        "f1-score": 0.9470000821116591,
        "support": 340.0
      }
    },
    "binary_confusion_matrix": [
      [
        192,
        8
      ],
      [
        10,
        130
      ]
    ]
  },
  "val": {
    "multi_class_report": {
      "0": {
        "precision": 0.01403584538976463,
        "recall": 0.9848484848484849,
        "f1-score": 0.027677240791994892,
        "support": 66.0
      },
      "1": {
        "precision": 0.0,
        "recall": 0.0,
        "f1-score": 0.0,
        "support": 64.0
      },
      "2": {
        "precision": 0.9849230381024476,
        "recall": 0.7758397932816538,
        "f1-score": 0.8679675339114965,
        "support": 20124.0
      },
      "3": {
        "precision": 0.0979498861047836,
        "recall": 0.06574923547400612,
        "f1-score": 0.07868252516010979,
        "support": 654.0
      },
      "4": {
        "precision": 0.0,
        "recall": 0.0,
        "f1-score": 0.0,
        "support": 277.0
      },
      "5": {
        "precision": 0.14414414414414414,
        "recall": 0.25,
        "f1-score": 0.18285714285714286,
        "support": 192.0
      },
      "6": {
        "precision": 0.4739413680781759,
        "recall": 0.4317507418397626,
        "f1-score": 0.4518633540372671,
        "support": 674.0
      },
      "7": {
        "precision": 0.7621671258034894,
        "recall": 0.4076620825147348,
        "f1-score": 0.5312,
        "support": 2036.0
      },
      "8": {
        "precision": 0.11665098777046096,
        "recall": 0.47509578544061304,
        "f1-score": 0.18731117824773413,
        "support": 261.0
      },
      "9": {
        "precision": 0.05352112676056338,
        "recall": 0.6785714285714286,
        "f1-score": 0.09921671018276762,
        "support": 28.0
      },
      "accuracy": 0.6987610764686577,
      "macro avg": {
        "precision": 0.26473335221538297,
        "recall": 0.4069517551970684,
        "f1-score": 0.24267756851885128,
        "support": 24376.0
      },
      "weighted avg": {
        "precision": 0.8949953124112064,
        "recall": 0.6987610764686577,
        "f1-score": 0.7791728618001068,
        "support": 24376.0
      }
    },
    "multi_class_confusion_matrix": [
      [
        65,
        0,
        0,
        0,
        0,
        0,
        0,
        0,
        0,
        1
      ],
      [
        7,
        0,
        4,
        4,
        0,
        14,
        2,
        27,
        4,
        2
      ],
      [
        4030,
        0,
        15613,
        309,
        0,
        17,
        88,
        31,
        27,
        9
      ],
      [
        202,
        0,
        73,
        43,
        0,
        43,
        134,
        39,
        32,
        88
      ],
      [
        96,
        0,
        60,
        9,
        0,
        26,
        55,
        7,
        8,
        16
      ],
      [
        14,
        0,
        0,
        2,
        0,
        48,
        37,
        43,
        30,
        18
      ],
      [
        73,
        0,
        102,
        44,
        0,
        37,
        291,
        34,
        18,
        75
      ],
      [
        119,
        0,
        0,
        27,
        0,
        125,
        1,
        830,
        818,
        116
      ],
      [
        24,
        0,
        0,
        1,
        0,
        21,
        2,
        78,
        124,
        11
      ],
      [
        1,
        0,
        0,
        0,
        0,
        2,
        4,
        0,
        2,
        19
      ]
    ],
    "binary_report": {
      "0": {
        "precision": 0.01403584538976463,
        "recall": 0.9848484848484849,
        "f1-score": 0.027677240791994892,
        "support": 66.0
      },
      "1": {
        "precision": 0.999949354266903,
        "recall": 0.8121760592348828,
        "f1-score": 0.8963341277948019,
        "support": 24310.0
      },
      "accuracy": 0.8126435838529701,
      "macro avg": {
        "precision": 0.5069925998283338,
        "recall": 0.8985122720416838,
        "f1-score": 0.4620056842933984,
        "support": 24376.0
      },
      "weighted avg": {
        "precision": 0.997279913358391,
        "recall": 0.8126435838529701,
        "f1-score": 0.8939821687144696,
        "support": 24376.0
      }
    },
    "binary_confusion_matrix": [
      [
        65,
        1
      ],
      [
        4566,
        19744
      ]
    ]
  },
  "test": {
    "multi_class_report": {
      "0": {
        "precision": 0.01341609931918302,
        "recall": 0.9852941176470589,
        "f1-score": 0.026471750296325564,
        "support": 68.0
      },
      "1": {
        "precision": 0.0,
        "recall": 0.0,
        "f1-score": 0.0,
        "support": 257.0
      },
      "2": {
        "precision": 0.9737486654524901,