{
  "train": {
    "multi_class_report": {
      "0": {
        "precision": 0.9698492462311558,
        "recall": 0.965,
        "f1-score": 0.9674185463659147,
        "support": 200.0
      },
      "1": {
        "precision": 0.0,
        "recall": 0.0,
        "f1-score": 0.0,
        "support": 0.0
      },
      "2": {
        "precision": 0.0,
        "recall": 0.0,
        "f1-score": 0.0,
        "support": 20.0
      },
      "3": {
        "precision": 0.16666666666666666,
        "recall": 0.15,
        "f1-score": 0.15789473684210525,
        "support": 20.0
      },
      "4": {
        "precision": 0.0,
        "recall": 0.0,
        "f1-score": 0.0,
        "support": 0.0
      },
      "5": {
        "precision": 0.2413793103448276,
        "recall": 0.35,
        "f1-score": 0.2857142857142857,
        "support": 20.0
      },
      "6": {
        "precision": 0.0,
        "recall": 0.0,
        "f1-score": 0.0,
        "support": 20.0
      },
      "7": {
        "precision": 0.05,
        "recall": 0.05,
        "f1-score": 0.05,
        "support": 20.0
      },
      "8": {
        "precision": 0.0,
        "recall": 0.0,
        "f1-score": 0.0,
        "support": 20.0
      },
      "9": {
        "precision": 0.0,
        "recall": 0.0,
        "f1-score": 0.0,
        "support": 20.0
      },
      "accuracy": 0.6,
      "macro avg": {
        "precision": 0.142789522324265,
        "recall": 0.1515,
        "f1-score": 0.14610275689223057,
        "support": 340.0
      },
      "weighted avg": {
        "precision": 0.5974434376072383,
        "recall": 0.6,
        "f1-score": 0.5981055580126787,
        "support": 340.0
      }
    },
    "multi_class_confusion_matrix": [
      [
        193,
        1,
        3,
        1,
        0,
        0,
        0,
        2,
        0,
        0
      ],
      [
        0,
        0,
        0,
        0,
        0,
        0,
        0,
        0,
        0,
        0
      ],
      [
        0,
        20,
        0,
        0,
        0,
        0,
        0,
        0,
        0,
        0
      ],
      [
        5,
        0,
        6,
        3,
        3,
        2,
        1,
        0,
        0,
        0
      ],
      [
        0,
        0,
        0,
        0,
        0,
        0,
        0,
        0,
        0,
        0
      ],
      [
        0,
        0,
        0,
        10,
        1,
        7,
        1,
        1,
        0,
        0
      ],
      [
        1,
        0,
        2,
        0,
        16,
        0,
        0,
        1,
        0,
        0
      ],
      [
        0,
        0,
        0,
        0,
        0,
        13,
        6,
        1,
        0,
        0
      ],
      [
        0,
        0,
        0,
        0,
        0,
        7,
        12,
        1,
        0,
        0
      ],
      [
        0,
        0,
        1,
        4,
        0,
        0,
        1,
        14,
        0,
        0
      ]
    ],
    "binary_report": {
      "0": {
        "precision": 0.9698492462311558,
        "recall": 0.965,
        "f1-score": 0.9674185463659147,
        "support": 200.0
      },
      "1": {
        "precision": 0.950354609929078,
        "recall": 0.9571428571428572,
        "f1-score": 0.9537366548042705,
        "support": 140.0
      },
      "accuracy": 0.961764705882353,
      "macro avg": {
        "precision": 0.9601019280801169,
        "recall": 0.9610714285714286,
        "f1-score": 0.9605776005850926,
        "support": 340.0
      },
      "weighted avg": {
        "precision": 0.9618220430479473,
        "recall": 0.961764705882353,
        "f1-score": 0.9617848263111201,
        "support": 340.0
      }
    },
    "binary_confusion_matrix": [
      [
        193,
        7
      ],
      [
        6,
        134
      ]
    ]
  },
  "val": {
    "multi_class_report": {
      "0": {
        "precision": 0.029639762881896944,
        "recall": 0.9848484848484849,
        "f1-score": 0.05754758742806552,
        "support": 66.0
      },
      "1": {
        "precision": 0.00022521254433871966,
        "recall": 0.0625,
        "f1-score": 0.0004488078541374474,
        "support": 64.0
      },
      "2": {
        "precision": 0.7218604651162791,
        "recall": 0.03856092228185251,
        "f1-score": 0.0732110005188924,
        "support": 20124.0
      },
      "3": {
        "precision": 0.20634920634920634,
        "recall": 0.09938837920489296,
        "f1-score": 0.13415892672858618,
        "support": 654.0
      },
      "4": {
        "precision": 0.07385229540918163,
        "recall": 0.13357400722021662,
        "f1-score": 0.09511568123393316,
        "support": 277.0
      },
      "5": {
        "precision": 0.05536912751677853,
        "recall": 0.34375,
        "f1-score": 0.0953757225433526,
        "support": 192.0
      },
      "6": {
        "precision": 0.015789473684210527,
        "recall": 0.02225519287833828,
        "f1-score": 0.01847290640394089,
        "support": 674.0
      },
      "7": {
        "precision": 0.4961439588688946,
        "recall": 0.09479371316306483,
        "f1-score": 0.15917525773195876,
        "support": 2036.0
      },
      "8": {
        "precision": 0.0,
        "recall": 0.0,
        "f1-score": 0.0,
        "support": 261.0
      },
      "9": {
        "precision": 0.0,
        "recall": 0.0,
        "f1-score": 0.0,
        "support": 28.0
      },
      "accuracy": 0.050090252707581225,
      "macro avg": {
        "precision": 0.15992295023707864,
        "recall": 0.177967069959685,
        "f1-score": 0.0633505890442867,
        "support": 24376.0
      },
      "weighted avg": {
        "precision": 0.6447129218385798,
        "recall": 0.050090252707581225,
        "f1-score": 0.07983490823286227,
        "support": 24376.0
      }
    },
    "multi_class_confusion_matrix": [
      [
        65,
        0,
        0,
        0,
        0,
        0,
        0,
        1,
        0,
        0
      ],
      [
        7,
        4,
        6,
        13,
        2,
        29,
        0,
        3,
        0,
        0
      ],
      [
        1631,
        17620,
        776,
        20,
        24,
        46,
        3,
        4,
        0,
        0
      ],
      [
        224,
        47,
        65,
        65,
        119,
        52,
        12,
        70,
        0,
        0
      ],
      [
        82,
        60,
        40,
        32,
        37,
        6,
        4,
        16,
        0,
        0
      ],
      [
        10,
        1,
        14,
        57,
        32,
        66,
        3,
        9,
        0,
        0
      ],
      [
        111,
        29,
        104,
        43,
        272,
        36,
        15,
        64,
        0,
        0
      ],
      [
        38,
        0,
        67,
        75,
        9,
        854,
        800,
        193,
        0,
        0
      ],
      [
        24,
        0,
        3,
        6,
        2,
        103,
        113,
        10,
        0,
        0
      ],
      [
        1,
        0,
        0,
        4,
        4,
        0,
        0,
        19,
        0,
        0
      ]
    ],
    "binary_report": {
      "0": {
        "precision": 0.029639762881896944,
        "recall": 0.9848484848484849,
        "f1-score": 0.05754758742806552,
        "support": 66.0
      },
      "1": {
        "precision": 0.999954920434567,
        "recall": 0.9124640065816536,
        "f1-score": 0.9542081603682274,
        "support": 24310.0
      },
      "accuracy": 0.9126599934361668,
      "macro avg": {
        "precision": 0.514797341658232,
        "recall": 0.9486562457150692,
        "f1-score": 0.5058778738981464,
        "support": 24376.0
      },
      "weighted avg": {
        "precision": 0.99732771332928,
        "recall": 0.9126599934361668,
        "f1-score": 0.951780379033552,
        "support": 24376.0
      }
    },