{
  "train": {
    "multi_class_report": {
      "0": {
        "precision": 0.9850746268656716,
        "recall": 0.99,
        "f1-score": 0.9875311720698254,
        "support": 200.0
      },
      "2": {
        "precision": 1.0,
        "recall": 1.0,
        "f1-score": 1.0,
        "support": 20.0
      },
      "3": {
        "precision": 0.9375,
        "recall": 0.75,
        "f1-score": 0.8333333333333334,
        "support": 20.0
      },
      "5": {
        "precision": 0.85,
        "recall": 0.85,
        "f1-score": 0.85,
        "support": 20.0
      },
      "6": {
        "precision": 1.0,
        "recall": 1.0,
        "f1-score": 1.0,
        "support": 20.0
      },
      "7": {
        "precision": 0.68,
        "recall": 0.85,
        "f1-score": 0.7555555555555555,
        "support": 20.0
      },
      "8": {
        "precision": 0.7647058823529411,
        "recall": 0.65,
        "f1-score": 0.7027027027027027,
        "support": 20.0
      },
      "9": {
        "precision": 0.9523809523809523,
        "recall": 1.0,
        "f1-score": 0.975609756097561,
        "support": 20.0
      },
      "accuracy": 0.9411764705882353,
      "macro avg": {
        "precision": 0.8962076826999457,
        "recall": 0.88625,
        "f1-score": 0.8880915649698722,
        "support": 340.0
      },
      "weighted avg": {
        "precision": 0.9432548884347418,
        "recall": 0.9411764705882353,
        "f1-score": 0.9407360628463179,
        "support": 340.0
      }
    },
    "multi_class_confusion_matrix": [
      [
        198,
        0,
        1,
        0,
        0,
        0,
        1,
        0
      ],
      [
        0,
        20,
        0,
        0,
        0,
        0,
        0,
        0
      ],
      [
        3,
        0,
        15,
        0,
        0,
        1,
        0,
        1
      ],
      [
        0,
        0,
        0,
        17,
        0,
        2,
        1,
        0
      ],
      [
        0,
        0,
        0,
        0,
        20,
        0,
        0,
        0
      ],
      [
        0,
        0,
        0,
        1,
        0,
        17,
        2,
        0
      ],
      [
        0,
        0,
        0,
        2,
        0,
        5,
        13,
        0
      ],
      [
        0,
        0,
        0,
        0,
        0,
        0,
        0,
        20
      ]
    ],
    "binary_report": {
      "0": {
        "precision": 0.9850746268656716,
        "recall": 0.99,
        "f1-score": 0.9875311720698254,
        "support": 200.0
      },
      "1": {
        "precision": 0.9856115107913669,
        "recall": 0.9785714285714285,
        "f1-score": 0.982078853046595,
        "support": 140.0
      },
      "accuracy": 0.9852941176470589,
      "macro avg": {
        "precision": 0.9853430688285192,
        "recall": 0.9842857142857142,
        "f1-score": 0.9848050125582102,
        "support": 340.0
      },
      "weighted avg": {
        "precision": 0.9852956967174284,
        "recall": 0.9852941176470589,
        "f1-score": 0.9852860995308482,
        "support": 340.0
      }
    },
    "binary_confusion_matrix": [
      [
        198,
        2
      ],
      [
        3,
        137
      ]
    ]
  },
  "val": {
    "multi_class_report": {
      "0": {
        "precision": 0.029516994633273702,
        "recall": 1.0,
        "f1-score": 0.05734144222415291,
        "support": 66.0
      },
      "1": {
        "precision": 0.0,
        "recall": 0.0,
        "f1-score": 0.0,
        "support": 64.0
      },
      "2": {
        "precision": 0.9977383437717467,
        "recall": 0.5699662095010932,
        "f1-score": 0.7254901960784313,
        "support": 20124.0
      },
      "3": {
        "precision": 0.06593406593406594,
        "recall": 0.09174311926605505,
        "f1-score": 0.07672634271099744,
        "support": 654.0
      },
      "4": {
        "precision": 0.0,
        "recall": 0.0,
        "f1-score": 0.0,
        "support": 277.0
      },
      "5": {
        "precision": 0.05740378343118069,
        "recall": 0.4583333333333333,
        "f1-score": 0.10202898550724637,
        "support": 192.0
      },
      "6": {
        "precision": 0.12243221035332785,
        "recall": 0.4421364985163205,
        "f1-score": 0.19176319176319176,
        "support": 674.0
      },
      "7": {
        "precision": 0.46938775510204084,
        "recall": 0.6100196463654224,
        "f1-score": 0.5305425032037591,
        "support": 2036.0
      },
      "8": {
        "precision": 0.12192262602579132,
        "recall": 0.39846743295019155,
        "f1-score": 0.1867145421903052,
        "support": 261.0
      },
      "9": {
        "precision": 0.025358324145534728,
        "recall": 0.8214285714285714,
        "f1-score": 0.04919786096256684,
        "support": 28.0
      },
      "accuracy": 0.5477108631440761,
      "macro avg": {
        "precision": 0.18896941033969616,
        "recall": 0.43920948113609876,
        "f1-score": 0.1919805064640651,
        "support": 24376.0
      },
      "weighted avg": {
        "precision": 0.8699254010043812,
        "recall": 0.5477108631440761,
        "f1-score": 0.6536290120532243,
        "support": 24376.0
      }
    },
    "multi_class_confusion_matrix": [
      [
        66,
        0,
        0,
        0,
        0,
        0,
        0,
        0,
        0,
        0
      ],
      [
        4,
        0,
        0,
        16,
        0,
        12,
        3,
        23,
        1,
        5
      ],
      [
        1709,
        1029,
        11470,
        618,
        327,
        1020,
        1851,
        1181,
        286,
        633
      ],
      [
        225,
        2,
        5,
        60,
        1,
        79,
        165,
        34,
        11,
        72
      ],
      [
        73,
        2,
        11,
        45,
        0,
        38,
        69,
        6,
        5,
        28
      ],
      [
        14,
        0,
        0,
        7,
        0,
        88,
        31,
        42,
        6,
        4
      ],
      [
        126,
        0,
        10,
        93,
        0,
        31,
        298,
        28,
        25,
        63
      ],
      [
        14,
        0,
        0,
        67,
        0,
        220,
        10,
        1242,
        415,
        68
      ],
      [
        4,
        0,
        0,
        3,
        0,
        45,
        4,
        90,
        104,
        11
      ],
      [
        1,
        0,
        0,
        1,
        0,
        0,
        3,
        0,
        0,
        23
      ]
    ],
    "binary_report": {
      "0": {
        "precision": 0.029516994633273702,
        "recall": 1.0,
        "f1-score": 0.05734144222415291,
        "support": 66.0
      },
      "1": {
        "precision": 1.0,
        "recall": 0.9107363225010284,
        "f1-score": 0.9532831001076426,
        "support": 24310.0
      },
      "accuracy": 0.9109780111585166,
      "macro avg": {
        "precision": 0.5147584973166368,
        "recall": 0.9553681612505143,
        "f1-score": 0.5053122711658977,
        "support": 24376.0
      },
      "weighted avg": {
        "precision": 0.9973723384331227,
        "recall": 0.9109780111585166,
        "f1-score": 0.9508572652938787,
        "support": 24376.0
      }
    },
    "binary_confusion_matrix": [
      [
        66,
        0
      ],
      [
        2170,
        22140
      ]
    ]
  },
  "test": {
    "multi_class_report": {
      "0": {
        "precision": 0.026803310997240835,
        "recall": 1.0,
        "f1-score": 0.052207293666026874,
        "support": 68.0
      },
      "1": {
        "precision": 0.0,
        "recall": 0.0,
        "f1-score": 0.0,
        "support": 257.0
      },
      "2": {
        "precision": 0.9930875576036866,
        "recall": 0.5568198757763975,
        "f1-score": 0.7135534400967876,
        "support": 20125.0
      },