variant,binary_f1,binary_roc_auc,multiclass_macro_f1
Raw+Time,0.993111534515609,0.9998225165631055,0.7803573709742198
Raw+Time+Disent,0.993331867809775,0.9998086799369171,0.780004958466677
Raw+Time+Graph,0.993407559331966,0.9998743574043395,0.7867749758698478
Full DIDS-MFL,0.9937678715448347,0.9998681896175614,0.7949800317822514
