shots,method,few_shot_macro_f1,few_shot_macro_f1_std
1,Raw cosine prototype,0.11383005577167882,0.03991726986496587
1,DIDS-MFL bi-similarity,0.19423230284178147,0.0450458983068397
5,Raw cosine prototype,0.14207850591884624,0.03485659943348291
5,DIDS-MFL bi-similarity,0.2579281836300468,0.03930596461659232
10,Raw cosine prototype,0.17285436690494574,0.03158877201237118
10,DIDS-MFL bi-similarity,0.29490839135489877,0.03956164398458107
