held_out_attack,unknown_auroc,unknown_ap,unknown_f1,open_macro_f1,known_subset_accuracy
0,0.9723225872225131,0.041832556299391616,0.08928571428571429,0.6296457616783957,0.9416402722555428
1,0.9610722164219319,0.032373716889107465,0.0547945205479452,0.6602589964807316,0.9394112892361579
3,0.9608714047596334,0.3043323960072421,0.3810941570524749,0.6293313912852341,0.9479812594736117
4,0.9510108346250372,0.09596053194100113,0.18126272912423624,0.687701298662661,0.9462873051981122
5,0.9644215371406483,0.10156102203536385,0.15603584607274645,0.6988797589051925,0.9428706806105527
6,0.9547318245098533,0.4913102328523793,0.6211832061068703,0.6253512184552878,0.9427017360852396
7,0.9580527141030247,0.5064907409458184,0.5461150353178608,0.6128437143064155,0.9441985342137725
8,0.964589004554549,0.13575628534563322,0.21285140562248997,0.685282779691631,0.9422281023135898
9,0.9832655755810146,0.03083363943764808,0.02395964691046658,0.6757868083485968,0.9425295086928742
