dataset,n_graphs,positives,positive_rate,nodes_mean,nodes_std,edges_mean,edges_std,node_feat_dim,edge_feat_dim
pretrain,5000,2474,0.4948,9.5592,4.742245813957771,11.8494,13.514729728707119,28,2
finetune,2000,99,0.0495,9.519,4.7115431654607605,11.697,13.615586325972156,28,2
candidate,1000,43,0.043,9.464,4.7380063317813335,11.758,13.676455534969579,28,2
