split_id,model_name,threshold,val_roc_auc,test_roc_auc,val_pr_auc,test_pr_auc,test_precision,test_recall,test_specificity,test_balanced_accuracy
1,scratch,0.6641647219657898,0.5046052631578948,0.5492105263157896,0.13537628694245676,0.0769257814646918,0.15384615384615385,0.1,0.9710526315789474,0.5355263157894737
1,pretrained,0.9204837679862976,0.6818421052631578,0.45394736842105265,0.10571859381085606,0.048189773095101085,0.0,0.0,0.9657894736842105,0.48289473684210527
2,scratch,0.5358186364173889,0.6544736842105263,0.45447368421052625,0.0943879139374084,0.04713378483988971,0.03571428571428571,0.1,0.8578947368421053,0.4789473684210526
2,pretrained,0.4291580319404602,0.6385526315789473,0.4938157894736842,0.07366253569764761,0.05163707077915359,0.050314465408805034,0.4,0.6026315789473684,0.5013157894736842
3,scratch,0.4866703152656555,0.4988157894736842,0.3622368421052632,0.08142092723328034,0.09048853987666122,0.030534351145038167,0.2,0.6657894736842105,0.4328947368421052
3,pretrained,0.46431756019592285,0.445,0.4330263157894737,0.052417345806127336,0.043841999237293566,0.037037037037037035,0.25,0.6578947368421053,0.45394736842105265
