{
  "Mb_SNIa": -19.457897465831984,
  "sigma_Mb_SNIa": 0.03569607561005687,
  "H0_SNIa": 110.56477610454226,
  "sigma_H0_SNIa": 2.5931447598937862,
  "H0_SBF": 142.93476061519507,
  "sigma_H0_SBF": 6.677724885562886
}