{
  "logreg": {
    "accuracy": 0.9962023189379936,
    "macro_precision": 0.9919081097028906,
    "macro_recall": 0.9974362540624486,
    "macro_f1": 0.9946378909329937,
    "weighted_f1": 0.9962129288591326
  },
  "rf": {
    "accuracy": 0.9972105528482608,
    "macro_precision": 0.9943045644658552,
    "macro_recall": 0.9978298324439273,
    "macro_f1": 0.99605335709899,
    "weighted_f1": 0.9972155085649129
  }
}