shots,accuracy,macro_precision,macro_recall,macro_f1,weighted_f1
1,0.471442531253159,0.34503561669206273,0.35578356845774145,0.29025469622418903,0.6125239223433122
5,0.8688209724702631,0.3954318233340457,0.4835958050068199,0.3531638434895212,0.8958972628770407
10,0.8295986791117701,0.3565196305131267,0.4161164601686214,0.3069069569794308,0.8662061114090288
