{
  "accuracy": 0.9464568521076928,
  "macro_precision": 0.5761824548607118,
  "macro_recall": 0.7807802638032375,
  "macro_f1": 0.6020205681033369,
  "weighted_f1": 0.9547709687646275
}