target,model,average_precision_mean,average_precision_sd,f1_mean,f1_sd,precision_mean,recall_mean,roc_auc_mean
Attack,random_forest,0.3934775937904746,0.314693407568733,0.24923386141489176,0.3036241353964893,0.21963499572902295,0.3717503189196322,0.5712109655569644
Attack,logreg_balanced,0.38563157238752477,0.304817734096189,0.36328278243492823,0.2856227860853586,0.39949376528205016,0.40875080963408505,0.5559708028631443
Attack,dummy_prior,0.33810127624536845,0.27586653224742996,0.0,0.0,0.0,0.0,0.5
Sniffing,random_forest,0.26064011384851665,0.1885034079248246,0.12253968253968255,0.1838750328750198,0.27222222222222225,0.11851851851851851,0.5918240322624583
Sniffing,dummy_prior,0.13339645944833264,0.10883229703272675,0.0,0.0,0.0,0.0,0.5
Sniffing,logreg_balanced,0.12390217740921357,0.07430199539535702,0.03839269406392694,0.05260470569639238,0.024957973102785785,0.22592592592592592,0.4349758034261128
