{
  "Mixed": {
    "auroc": 0.9998212441460882,
    "auprc": 0.9983852390529493,
    "f1": 0.9630658150513746,
    "n": 18000,
    "pos_rate": 0.103
  },
  "Misalignment": {
    "auroc": 0.9986604488452274,
    "auprc": 0.9850910818718329,
    "f1": 0.9543524416135881,
    "n": 18000,
    "pos_rate": 0.10172222222222223
  },
  "Average": {
    "auroc": 0.9987149339362295,
    "auprc": 0.9896587369232671,
    "f1": 0.9334746885767294,
    "n": 18000,
    "pos_rate": 0.09983333333333333
  },
  "Missing Sections": {
    "auroc": 0.9990664891001954,
    "auprc": 0.9907523134940964,
    "f1": 0.9555796316359697,
    "n": 18000,
    "pos_rate": 0.10172222222222223
  }
}