{
  "n_train": 168000,
  "n_test": 72000,
  "n_features": 20,
  "train_pos_rate": 0.09932738095238096,
  "test_pos_rate": 0.10156944444444445
}