{
  "Logistic Regression": {
    "auroc": 0.9748191287725069,
    "auprc": 0.6869300260209847,
    "f1": 0.783410138248848,
    "best_threshold": 0.812713567839196,
    "elapsed": 1.0686204433441162
  },
  "Random Forest": {
    "auroc": 0.9705569063974158,
    "auprc": 0.8123239972696898,
    "f1": 0.7370283018867925,
    "best_threshold": 0.591105527638191,
    "elapsed": 37.481231927871704
  },
  "Gradient Boosting": {
    "auroc": 0.9902800013134174,
    "auprc": 0.9117546883429241,
    "f1": 0.848427841977963,
    "best_threshold": 0.3596482412060302,
    "elapsed": 505.65994691848755
  },
  "MLP": {
    "auroc": 0.9987866997514295,
    "auprc": 0.9881676303426469,
    "f1": 0.9514628556019954,
    "best_threshold": 0.4335175879396985,
    "elapsed": 23.046146392822266
  }
}