,ell2,ell3,ell4,ell5,ell6,ell7,ell8
ell2,1.0,-0.008661831405258402,0.018133551170467187,-0.01406556002913779,0.017001031556014026,0.045754420335297925,0.02076592922930188
ell3,-0.008661831405258402,1.0,0.007554794468797542,0.02083018170230298,-0.003403937512861117,-0.05701289289461906,-0.01915671962520872
ell4,0.018133551170467187,0.007554794468797542,1.0,-0.016091765374117942,0.020663020739120328,0.008315200140088951,0.02507439692195419
ell5,-0.01406556002913779,0.02083018170230298,-0.016091765374117942,1.0,0.015392170396520176,-0.020819269697453197,0.02834897971065765
ell6,0.017001031556014026,-0.003403937512861117,0.020663020739120328,0.015392170396520176,1.0,-0.020516912229738768,0.010992623552277134
ell7,0.045754420335297925,-0.05701289289461906,0.008315200140088951,-0.020819269697453197,-0.020516912229738768,1.0,-0.0005087860039048906
ell8,0.02076592922930188,-0.01915671962520872,0.02507439692195419,0.02834897971065765,0.010992623552277134,-0.0005087860039048906,1.0
