dataset,shape_sigma,scale,mu_log,sigma_log,ks_statistic,ks_pvalue
fig6_resolution,1.1878717582945337,0.0004242504665003045,-7.765186554262318,1.1878717582945337,0.014452138536213077,0.9081202783317368
fig8_N2vsN3,0.9814929772368505,2.05495814942878e-05,-10.792669982470875,0.9814929772368505,0.013066583875923965,0.984964287703712
fig8_N2vsN4,1.2264824175228008,5.281663662215745e-05,-9.848684329340852,1.2264824175228008,0.02015831398664228,0.7061570265308295
