{
  "fig6": {
    "count": 1500,
    "geometric_mean": 0.0004242504665003045,
    "max": 0.04073090157875922,
    "mean": 0.0008733345414674213,
    "mean_ci_high": 0.0009636438694029086,
    "mean_ci_low": 0.0007952854137685833,
    "median": 0.0004249407871194731,
    "median_ci_high": 0.0004572429597411358,
    "median_ci_low": 0.00039619138007480567,
    "min": 8.182058252102732e-06,
    "p05": 6.408253983344665e-05,
    "p25": 0.0001891664013006976,
    "p75": 0.0009046546054452167,
    "p95": 0.003122652402503906,
    "std": 0.001649787830290615
  },
  "fig6_thresholds": {
    "0.0001": 0.114,
    "0.0003": 0.386,
    "0.001": 0.7773333333333333,
    "0.01": 0.998
  },
  "fig7_trend": {
    "linear_p_value": 0.00012261636120389837,
    "linear_r_value": 0.9789133633515518,
    "linear_stderr": 0.013439076797138174,
    "log10_median_vs_ell_intercept": -3.7140011523496606,
    "log10_median_vs_ell_slope": 0.1440063514199141,
    "spearman_p_value": 0.0,
    "spearman_rho": 1.0
  },
  "fig8_N2vsN3": {
    "count": 1200,
    "geometric_mean": 2.05495814942878e-05,
    "max": 0.0005337088549580625,
    "mean": 3.3523158783457876e-05,
    "mean_ci_high": 3.599717405531338e-05,
    "mean_ci_low": 3.122339507028208e-05,
    "median": 2.0311833782851758e-05,
    "median_ci_high": 2.2188681672351868e-05,
    "median_ci_low": 1.9081473827680612e-05,
    "min": 1.2371023632642287e-06,
    "p05": 4.2433069127008725e-06,
    "p25": 1.0585860909234146e-05,
    "p75": 3.9303323956561656e-05,
    "p95": 0.00010063866184946267,
    "std": 4.315205674727895e-05
  },
  "fig8_N2vsN4": {
    "count": 1200,
    "geometric_mean": 5.281663662215745e-05,
    "max": 0.0030616693304919935,
    "mean": 0.00011242067511917866,
    "mean_ci_high": 0.00012448931657272342,
    "mean_ci_low": 0.00010139790552277785,
    "median": 5.34385905352434e-05,
    "median_ci_high": 5.7410344988343225e-05,
    "median_ci_low": 4.8475036632312376e-05,
    "min": 1.237320797973349e-06,
    "p05": 7.287486145293899e-06,
    "p25": 2.3053531036744737e-05,
    "p75": 0.00012098649084987422,
    "p95": 0.0003880799521105065,
    "std": 0.00020480194748350754
  },
  "fig8_ratio": {
    "count": 1200,
    "fraction_gt_1": 0.7216666666666667,
    "geometric_mean": 2.570204976526603,
    "max": 303.09090767231703,
    "mean": 8.115300372981505,
    "mean_ci_high": 9.211248666809006,
    "mean_ci_low": 7.128328525654427,
    "median": 2.668263131144048,
    "median_ci_high": 2.9642003357162787,
    "median_ci_low": 2.4141889601560673,
    "min": 0.00848388576722357,
    "p05": 0.19097113125643317,
    "p25": 0.8365081483053028,
    "p75": 7.267752196441797,
    "p95": 30.569320165781885,
    "spearman_n3_n4": 0.030430305854379065,
    "std": 18.77357260357686,
    "wilcoxon_pvalue": 5.309608943614563e-75,
    "wilcoxon_statistic": 579874.0
  },
  "lognormal_fits": {
    "fig6": {
      "ks_pvalue": 0.9081202783317368,
      "ks_statistic": 0.014452138536213077,
      "mu_log": -7.765186554262318,
      "scale": 0.0004242504665003045,
      "shape_sigma": 1.1878717582945337,
      "sigma_log": 1.1878717582945337
    },
    "fig8_N2vsN3": {
      "ks_pvalue": 0.984964287703712,
      "ks_statistic": 0.013066583875923965,
      "mu_log": -10.792669982470875,
      "scale": 2.05495814942878e-05,
      "shape_sigma": 0.9814929772368505,
      "sigma_log": 0.9814929772368505
    },
    "fig8_N2vsN4": {
      "ks_pvalue": 0.7061570265308295,
      "ks_statistic": 0.02015831398664228,
      "mu_log": -9.848684329340852,
      "scale": 5.281663662215745e-05,
      "shape_sigma": 1.2264824175228008,
      "sigma_log": 1.2264824175228008
    }
  }
}