dataset,n_samples,mass_q16,mass_q50,mass_q84,spin_q16,spin_q50,spin_q84,corr_M_a,mu95_upper_eV,most_excluded_mu_eV,min_survival
IRAS 09149-6206,10000,55701541.85040001,106263531.2,180319267.988,0.909988061716,0.9358465941,0.954670399872,0.009932050607661363,9.908136566858686e-20,2.08275063019051e-18,4.447553436648377e-16
M33 X-7,1838,14.1743844736,15.6612195,17.1718782056,0.7766329778,0.8363655172,0.8853996913,0.8845469033376981,1.7721357790803584e-13,2.025877711735013e-12,2.0778929296575292e-17
