query_chain	target_chain	query_len	target_len	aligned_len	identity_frac	query_coverage	target_coverage	rmsd	tm_query_norm	tm_target_norm
E	A	324	726	324	0.5	1.0	0.446281	46.076032	0.054503	0.041413
F	A	324	726	324	0.5	1.0	0.446281	46.095249	0.05413	0.0412
L	A	594	726	577	0.320624	0.97138	0.794766	45.934437	0.052364	0.049481
G	A	280	726	280	0.532143	1.0	0.385675	40.530345	0.044313	0.034854
H	A	234	726	13	0.538462	0.055556	0.017906	5.804929	0.029437	0.013196
A	A	241	726	241	0.564315	1.0	0.331956	42.890415	0.025985	0.020984
B	A	219	726	3	0.666667	0.013699	0.004132	4.233054	0.008786	0.003434
C	A	329	726	3	0.0	0.009119	0.004132	5.350583	0.005753	0.003147
D	A	331	726	3	0.333333	0.009063	0.004132	20.614933	0.001183	0.000913
