algo,matches,gt,pred,recall,precision,f1,id_switches
ByteLike,1848,20000,1848,0.0924,1.0,0.16916880248153715,217
SparseHier,10516,20000,10523,0.5258,0.9993347904589945,0.6890541554306504,4920
