{
  "molecules": 32,
  "box_size_A": 12.0,
  "volume_A3": 1728.0,
  "density_g_cm3": 0.553974283243275,
  "temperature_K": 330.0,
  "time_step_fs": 0.5,
  "total_steps": 2000,
  "total_time_ps": 1.0,
  "langevin_friction_fs^-1": 0.01,
  "oh_bond_lengths_A": [
    0.9685650182625841,
    0.9685650182625841
  ],
  "hh_distance_A": 1.526478,
  "hoh_angle_deg": 103.99987509868838,
  "approx_saved_frames_if_sampled_every_10fs": 100
}