median_log10_slope,mean_log10_slope,min_runtime,max_runtime
1.205083248231503,1.2293166766629968,0.012,17.0
