SampleID,log10_slope,log10_intercept,min_runtime,max_runtime
3812,0.9925107820542766,-4.063775883737749,0.012,1.3
3942,1.0645191474266678,-4.164034426500242,0.012,2.0
3948,1.1326563717510896,-4.266693599721229,0.012,3.0
3978,1.205083248231503,-4.380763106146989,0.012,4.5
3995,1.2905264029128645,-4.531660753906446,0.012,7.0
4007,1.3897130888994527,-4.733507393127733,0.012,11.0
4032,1.5302076953651238,-5.047078327730813,0.012,17.0
