{
  "image1": {
    "image": "demo1.png",
    "original_size": [
      1024,
      768
    ],
    "global_psnr_336": 32.554534912109375,
    "global_psnr_224": 29.054401397705078,
    "global_ssim_336": 0.9386998981223637,
    "global_ssim_224": 0.8690144070856797,
    "global_sharpness_orig": 0.002980160294100642,
    "global_sharpness_336": 0.015248318202793598,
    "global_sharpness_224": 0.023937106132507324,
    "roi_psnr_336": 42.04113006591797,
    "roi_psnr_224": 39.65331268310547,
    "roi_ssim_336": 0.9489253682477758,
    "roi_ssim_224": 0.9101882769558408,
    "roi_sharpness_orig": 0.00040030531818047166,
    "roi_sharpness_336": 5.639043229166418e-05,
    "roi_sharpness_224": 2.4601296900073066e-05
  },
  "image2": {
    "image": "demo2.png",
    "original_size": [
      2250,
      1500
    ],
    "global_psnr_336": 19.261516571044922,
    "global_psnr_224": 18.180484771728516,
    "global_ssim_336": 0.46381432670766376,
    "global_ssim_224": 0.3713498917852353,
    "global_sharpness_orig": 0.07059811055660248,
    "global_sharpness_336": 0.061363402754068375,
    "global_sharpness_224": 0.06918337196111679,
    "roi_psnr_336": 20.02830696105957,
    "roi_psnr_224": 18.835737228393555,
    "roi_ssim_336": 0.4629888019452495,
    "roi_ssim_224": 0.36577120585790424,
    "roi_sharpness_orig": 0.051255375146865845,
    "roi_sharpness_336": 0.0001372242404613644,
    "roi_sharpness_224": 4.4751774112228304e-05
  }
}