epoch,train_loss,pr_auc,roc_auc,precision_at_20,recall_at_20,enrichment_at_20,precision_at_50,recall_at_50,enrichment_at_50,precision_at_100,recall_at_100,enrichment_at_100
1,0.5174008378615746,0.06545405504486095,0.5026315789473684,0.05,0.05,1.0,0.06,0.15,1.2,0.06,0.3,1.2
2,0.3031923988690743,0.06652670002859185,0.49368421052631584,0.1,0.1,2.0,0.08,0.2,1.5999999999999999,0.05,0.25,1.0
3,0.21164211057699645,0.06967491723607273,0.49671052631578944,0.1,0.1,2.0,0.08,0.2,1.5999999999999999,0.06,0.3,1.2
4,0.20143398069418395,0.06670770135132284,0.4944736842105263,0.1,0.1,2.0,0.08,0.2,1.5999999999999999,0.06,0.3,1.2
5,0.20393276730409035,0.06480385733804267,0.48750000000000004,0.1,0.1,2.0,0.08,0.2,1.5999999999999999,0.06,0.3,1.2
