{
  "seed": 0,
  "mode": "baseline",
  "val_metrics": {
    "pr_auc": 0.06480385733804267,
    "roc_auc": 0.48750000000000004,
    "precision_at_20": 0.1,
    "recall_at_20": 0.1,
    "enrichment_at_20": 2.0,
    "precision_at_50": 0.08,
    "recall_at_50": 0.2,
    "enrichment_at_50": 1.5999999999999999,
    "precision_at_100": 0.06,
    "recall_at_100": 0.3,
    "enrichment_at_100": 1.2
  },
  "candidate_metrics": {
    "pr_auc": 0.03800562842404476,
    "roc_auc": 0.42419382275035844,
    "precision_at_20": 0.0,
    "recall_at_20": 0.0,
    "enrichment_at_20": 0.0,
    "precision_at_50": 0.0,
    "recall_at_50": 0.0,
    "enrichment_at_50": 0.0,
    "precision_at_100": 0.04,
    "recall_at_100": 0.09302325581395349,
    "enrichment_at_100": 0.930232558139535
  }
}