feature,u_stat,p_value,high_mean,low_mean,p_fdr_bh
Nucleophilic-HEA,500.0,4.032575171823061e-07,0.16888455185425041,0.3950992646899168,2.419545103093837e-06
Hydrophobic-BA,2597.0,2.103962452714435e-05,0.47421415113937215,0.3125661188492093,6.311887358143305e-05
Aromatic-PEA,2239.5,0.0007968758504688097,0.11520627519302666,0.03642313556127719,0.0015937517009376194
Cationic-ATAC,1991.0,0.11489587853026556,0.11095591888668035,0.09471466330767314,0.17234381779539834
Acidic-CBEA,1289.5,0.11919071890188407,0.10311160990675731,0.1393127041588366,0.1430288626822609
Amide-AAm,1837.0,0.23869222588512196,0.027627490450783942,0.021884113433086962,0.23869222588512196
