task,model,rmse_mean,rmse_std,mae_mean,mae_std,r2_mean,r2_std,roc_auc_mean,roc_auc_std,average_precision_mean,average_precision_std,accuracy_mean,accuracy_std,recall_mean,recall_std,precision_mean,precision_std
regression,linear,29.306121573098345,5.702277534805492,22.283233494564428,3.2804025482304064,0.5181585683164667,0.15925955224191013,,,,,,,,,,
regression,ridge,27.659971055691386,5.182767697059145,21.75662262508315,3.0565632236079727,0.5636134327065148,0.16027729675042027,,,,,,,,,,
regression,pls,31.480399941062277,8.012110131351454,24.01024464476419,3.882069986800966,0.44543586107777167,0.20582036874239945,,,,,,,,,,
regression,rf,24.03325815489308,6.779491191997216,16.07949854248704,2.6700626291087017,0.6863681990621672,0.10140542445703538,,,,,,,,,,
regression,gbr,24.254403543200755,5.4217341189949755,16.895901205394292,2.3692677905938266,0.6675919111967071,0.1230846351460704,,,,,,,,,,
classification,logreg,,,,,,,0.8096780303030303,0.1635422269926663,0.6165252613936651,0.2177325842185165,0.7882582582582581,0.05729548203611904,0.74,0.22220486043288973,0.31150023179434944,0.08492786498711939
classification,rf_clf,,,,,,,0.7873248106060606,0.13067283245427636,0.629350457071057,0.1876508470056296,0.914114114114114,0.03724800754023454,0.6,0.1767766952966369,0.6455238095238094,0.222891904764109
classification,gbr_clf,,,,,,,0.7764393939393941,0.11470562310720835,0.5398262053731598,0.1943531319388263,0.8903003003003004,0.043639611328908506,0.48,0.23848480035423641,0.5171428571428571,0.2618470354853028
