,temperature,dew_point,humidity,wind_speed,wind_gust,pressure,precipitation
electricity,-0.574439996093871,-0.556723494627915,-0.09388502631625412,0.015451889795223517,0.008495951134722766,-0.01568070902249849,0.0011702356663331659
heat,0.46134008854473807,0.4442792376286575,0.0836730044405723,-0.0023909462463722955,0.010581858720494918,-0.1017750890136213,-0.004227683010533636
cooling,0.0014826601295728145,0.0005934230950102421,-0.010195747063135842,-0.028326354386650123,-0.024317283477485626,-0.020887157023795233,-0.00462592776990055
pv,-0.557705142550077,-0.5396857415186491,-0.1048078905706492,-0.006277402577019711,-0.013681303076276394,0.014435817936821346,0.0066071944603291475
ghg,-0.14232416465648304,-0.13870375469418697,-0.01624013525189872,0.013475486768723963,0.013135764637506644,-0.03205167949837217,-0.003264413957167778
