{
  "property_prediction": {
    "train_rmse": 0.544533457945129,
    "test_rmse": 0.6693654797178867,
    "train_r2": 0.00013664955504155696,
    "test_r2": -0.004093583987199834,
    "coef": [
      0.0,
      -0.00017763678330994285,
      -0.0008881839165497137
    ],
    "intercept": 0.08621175511347946
  },
  "structure_generation": {
    "corr": -0.2229737229970093,
    "linear_map_w": -0.2210949502889683,
    "linear_map_c": 6.741992656368481,
    "rmse": 0.26352346723894615
  },
  "optimization": {
    "t_best_grid": 346.9387755102041,
    "tau_best_grid": 19.79591836734694,
    "y_best_grid": 0.09962585784736493
  }
}