{
  "M33_X-7": {
    "n_samples": 1838,
    "M_median": 15.6612195,
    "M_std": 1.4912599603014367,
    "a_median": 0.8363655172,
    "a_std": 0.05523204832491242
  },
  "IRAS_09149-6206": {
    "n_samples": 10000,
    "M_median": 106263531.2,
    "M_std": 70909006.37731475,
    "a_median": 0.9358465941,
    "a_std": 0.02210991436921303
  },
  "exclusion_95CL": {
    "M33_X-7": {
      "mu_min_eV": 1e-13,
      "mu_max_eV": 1.0476157527896662e-11
    },
    "IRAS_09149-6206": {
      "mu_min_eV": 1.1768119524349942e-19,
      "mu_max_eV": 6.734150657750801e-19
    }
  }
}