{
  "M33 X-7": {
    "n_samples": 1838,
    "mass_mean": 15.669945686991296,
    "mass_q05": 13.2344736495,
    "mass_q50": 15.6612195,
    "mass_q95": 18.11000597,
    "spin_mean": 0.8292878422894994,
    "spin_q05": 0.7249242124000002,
    "spin_q50": 0.8363655172,
    "spin_q95": 0.9045675957,
    "mu_95_min": 6.050875007272936e-14,
    "mu_95_max": 1e-13,
    "lambda_limit": {
      "mu_at_95": 6.050875007272936e-14,
      "lambda_upper_proxy": 3.853906235645734e-96
    }
  },
  "IRAS 09149-6206": {
    "n_samples": 10000,
    "mass_mean": 119836111.788549,
    "mass_q05": 37270266.765,
    "mass_q50": 106263531.2,
    "mass_q95": 254103706.51,
    "spin_mean": 0.9325970409883101,
    "spin_q05": 0.8897907612,
    "spin_q50": 0.9358465941,
    "spin_q95": 0.9632067853499999,
    "mu_95_min": 1.0873356727196534e-19,
    "mu_95_max": 1.6526535398566914e-19,
    "lambda_limit": {
      "mu_at_95": 1.0873356727196534e-19,
      "lambda_upper_proxy": 1.0206760671328924e-108
    }
  }
}