apparatus,records,share
ground,592,0.6147455867082036
airborne,367,0.3811007268951194
unknown,4,0.004153686396677051
