purpose,records,share
augment snowpack,516,0.46994535519125685
increase precipitation,426,0.3879781420765027
suppress hail,80,0.07285974499089254
increase runoff,54,0.04918032786885246
suppress fog,13,0.011839708561020037
research,9,0.00819672131147541
