season,records,share
winter,671,0.6306390977443609
summer,165,0.1550751879699248
spring,157,0.1475563909774436
fall,71,0.06672932330827068
