{
  "threshold": 0.5,
  "accuracy": 0.9560555555555555,
  "balanced_accuracy": 0.8169046533094512,
  "precision": 0.8955195424213537,
  "recall": 0.6422808696841241,
  "f1": 0.7480490523968785,
  "mcc": 0.7367162636290198,
  "auroc": 0.9828179507978834,
  "auprc": 0.875744111114789,
  "brier": 0.036188078119109075,
  "tn": 64139,
  "fp": 548,
  "fn": 2616,
  "tp": 4697
}