threshold,accuracy,balanced_accuracy,precision,recall,f1,mcc,auroc,auprc,brier,tn,fp,fn,tp,degradation
0.37,0.9232222222222223,0.79902843689059,0.6092680358083201,0.6438508625486923,0.6260822510822511,0.5836135056120106,0.9420615067093073,0.6374572320434261,0.059938983026839816,15461,742,640,1157,Average
0.37,0.9716111111111111,0.9527184683868393,0.8170028818443804,0.929000546149645,0.8694096601073346,0.8557745114094887,0.9938558924932679,0.946671782958674,0.02579651946375164,15788,381,130,1701,Misalignment
0.37,0.9705555555555555,0.9484986525617809,0.8140994688556253,0.920808301474604,0.8641722193746797,0.8497527629823803,0.992152117724044,0.9242404822311816,0.02930337006329227,15784,385,145,1686,Missing Sections
0.37,0.9718333333333333,0.8737722770014876,0.9693379790940767,0.750269687162891,0.8458498023715415,0.8388856207314709,0.9960359361067583,0.9674609140301293,0.0297134399225526,16102,44,463,1391,Mixed
