{
  "threshold": 0.37,
  "accuracy": 0.9593055555555555,
  "balanced_accuracy": 0.8937879918922331,
  "precision": 0.7927073594229999,
  "recall": 0.8115684397648024,
  "f1": 0.802027027027027,
  "mcc": 0.7794194166907272,
  "auroc": 0.9828179507978834,
  "auprc": 0.875744111114789,
  "brier": 0.036188078119109075,
  "tn": 63135,
  "fp": 1552,
  "fn": 1378,
  "tp": 5935,
  "model": "RandomForest",
  "selected_threshold": 0.37,
  "train_size": 168000,
  "test_size": 72000
}