threshold,accuracy,balanced_accuracy,precision,recall,f1,mcc,auroc,auprc,brier,tn,fp,fn,tp,model,fit_seconds
0.5,0.9531845238095238,0.7978301166814018,0.8892809880899868,0.6039544637507489,0.7193577163247101,0.7103360198732235,0.9814586424554497,0.8647530775688516,0.03691722163532981,30011,251,1322,2016,RandomForest,39.870522022247314
0.5,0.935,0.9555192619962611,0.6069310600444774,0.9811264230077891,0.7499427524616441,0.7422281097694072,0.9750990441417176,0.6888078963731299,0.05202726688312231,28141,2121,63,3275,LogisticRegression,0.8703517913818359
