experiment,model,rmse,r2
temperature,bcs,32.18826329600608,-12.686191797683389
temperature,nodal_linear,42.093713184879235,-22.40572007688044
temperature,power_n2,32.18826329600608,-12.686191797683389
temperature,power_n2_5,35.95816077030977,-16.079787822306802
temperature,power_n3,42.19105012507674,-22.514091379389143
dc_current,gl_model,4.345446291074606,0.977082161398559
dc_current,linear_model,22.44768973043256,0.38842716648166586
mw_current,linear_low_current,0.5932138557256011,0.8814747219885708
mw_current,quadratic_low_current,0.17790022311143389,0.9893403880373057
