,MAE,MAPE
Electricity [kW],5.067889284279801e-15,8.645378095926591e-18
Heat [mmBTU],5.153868199794151e-15,3.32436068422097e-17
Cooling Energy [Ton],9.629638537607203e-15,3.422421599224422e-17
PV Power Generation [kW],9.052119784341003e-16,2.1724200486551774e-17
Greenhouse Gas Emission [Ton],1.6890801289347404e-14,4.307065919213095e-17
