{
  "binary": {
    "dids_mfl": {
      "accuracy": 0.9969080826751806,
      "f1": 0.9932640210865427,
      "precision": 0.9871925483917916,
      "recall": 0.9994106379843819,
      "auc": 0.9997872774682396
    },
    "baseline": {
      "accuracy": 0.9972441606452697,
      "f1": 0.993987388180085,
      "precision": 0.9893446212231791,
      "recall": 0.9986739354648593,
      "auc": 0.999698031513419
    }
  },
  "multiclass": {
    "dids_mfl": {
      "f1_macro": 0.7787209779455535,
      "f1_weighted": 0.9770435088751458,
      "accuracy": 0.977818853974122
    },
    "baseline": {
      "f1_macro": 0.8430752964519324,
      "f1_weighted": 0.9827785569079883,
      "accuracy": 0.9831961014955469
    }
  },
  "unknown": {
    "dids_mfl": {
      "f1_all": 0.9921467889908256,
      "auc": 0.9996151171972848,
      "f1_unknown": 0.981491662085395,
      "detection_rate": 0.9918518518518519
    },
    "baseline": {
      "f1_all": 0.9845674432408369,
      "auc": 0.9997047159789827,
      "f1_unknown": 0.9621540199585765,
      "detection_rate": 0.9462962962962963
    }
  },
  "few_shot": {
    "dids_mfl": {
      "1": {
        "f1": 0.15623404472582456,
        "accuracy": 0.7222987733154091
      },
      "5": {
        "f1": 0.9376007368178678,
        "accuracy": 0.9726768610317593
      },
      "10": {
        "f1": 0.9379039872176629,
        "accuracy": 0.9712653335573853
      },
      "20": {
        "f1": 0.9808879741252573,
        "accuracy": 0.9912619727776845
      },
      "50": {
        "f1": 0.9904120617726707,
        "accuracy": 0.9955973785918333
      },
      "100": {
        "f1": 0.9896350364963503,
        "accuracy": 0.9952276928247353
      }
    },
    "baseline": {
      "1": {
        "f1": 0.6598243363268529,
        "accuracy": 0.8841539237103008
      },
      "5": {
        "f1": 0.9400093008835839,
        "accuracy": 0.9739875651151068
      },
      "10": {
        "f1": 0.9746579950661584,
        "accuracy": 0.9886069568139808
      },
      "20": {
        "f1": 0.9828173603910532,
        "accuracy": 0.9922029910939338
      },
      "50": {
        "f1": 0.9853190704537071,
        "accuracy": 0.9933120483952277
      },
      "100": {
        "f1": 0.9919390297523084,
        "accuracy": 0.9963031423290203
      }
    }
  }
}