{
  "Normal": {
    "precision": 0.9993450639654193,
    "recall": 0.9965168930686172,
    "f1-score": 0.9979289747334917,
    "support": 22968.0
  },
  "Exploits": {
    "precision": 0.6551724137931034,
    "recall": 0.7307692307692307,
    "f1-score": 0.6909090909090909,
    "support": 78.0
  },
  "Recon": {
    "precision": 0.9523809523809523,
    "recall": 0.625,
    "f1-score": 0.7547169811320755,
    "support": 64.0
  },
  "DoS": {
    "precision": 0.7078804347826086,
    "recall": 0.7156593406593407,
    "f1-score": 0.7117486338797814,
    "support": 728.0
  },
  "Generic": {
    "precision": 0.7037037037037037,
    "recall": 0.4389438943894389,
    "f1-score": 0.540650406504065,
    "support": 303.0
  },
  "Shellcode": {
    "precision": 0.7868020304568528,
    "recall": 0.7416267942583732,
    "f1-score": 0.7635467980295566,
    "support": 209.0
  },
  "Fuzzers": {
    "precision": 0.9424412834932187,
    "recall": 0.9776938915579959,
    "f1-score": 0.9597439784402897,
    "support": 2914.0
  },
  "Analysis": {
    "precision": 0.9731663685152058,
    "recall": 0.99179580674567,
    "f1-score": 0.982392776523702,
    "support": 2194.0
  },
  "Backdoors": {
    "precision": 0.8215384615384616,
    "recall": 0.960431654676259,
    "f1-score": 0.8855721393034826,
    "support": 278.0
  },
  "Worms": {
    "precision": 0.5294117647058824,
    "recall": 0.47368421052631576,
    "f1-score": 0.5,
    "support": 19.0
  },
  "accuracy": 0.977818853974122,
  "macro avg": {
    "precision": 0.8071842477335409,
    "recall": 0.7652121716651241,
    "f1-score": 0.7787209779455535,
    "support": 29755.0
  },
  "weighted avg": {
    "precision": 0.9772428664074658,
    "recall": 0.977818853974122,
    "f1-score": 0.9770435088751458,
    "support": 29755.0
  }
}