scenario,description,objective_gbp,total_demand_mwh,served_mwh,unserved_mwh,unserved_share,wind_generation_mwh,wind_available_mwh,wind_curtailment_mwh,wind_curtailment_share,gas_generation_mwh,nuclear_generation_mwh,storage_discharge_mwh,storage_charge_mwh,max_line_utilization,mean_line_utilization,peak_unserved_mw,cost_per_mwh_served
baseline,Observed one-week demand and wind availability with storage enabled.,59643155899.52893,15939706.029762119,4025400.8089140616,11914305.220848057,0.747460787457563,2270721.2171139503,4192662.004779862,1921940.7876659106,0.4584058494280707,1351955.90577219,403200.0,1428.9419162443237,1905.255888325765,1.0,0.6267745094402752,116282.80155418333,14816.699933942467
high_demand,Stylized stress test with 15% higher demand.,71128222337.74304,18330661.934226435,4119343.4257355407,14211318.508490894,0.7752757952486139,2364663.8339354307,4192662.004779862,1827998.17084443,0.43599941248791657,1351955.90577219,403200.0,1428.9419162443237,1905.255888325765,1.0,0.6384952566015927,136754.53658720743,17266.883332273406
low_wind,Stylized stress test with 35% lower wind availability.,60315103707.301216,15939706.029762119,3891014.5320645273,12048691.497697592,0.7558917005872413,2135985.7512073787,2725230.3031069105,589244.5518995305,0.2162182591422676,1351955.90577219,404842.35246210895,5308.432131455322,7077.909508607097,1.0,0.5747602709580827,117069.62795025003,15501.12527472333
no_storage,Flexibility sensitivity disabling storage.,59643155899.52892,15939706.029762119,4025400.8089140616,11914305.220848057,0.747460787457563,2270244.9031418688,4192662.004779862,1922417.101637992,0.458519456003449,1351955.90577219,403200.0,0.0,0.0,1.0,0.6279743524065515,116282.80155418333,14816.699933942466
gas_price_shock,Fuel-price stress test adding 30 GBP/MWh to gas marginal cost.,59683714576.70209,15939706.029762119,4025400.8089140616,11914305.220848057,0.747460787457563,2270721.2171139503,4192662.004779862,1921940.7876659106,0.4584058494280707,1351955.90577219,403200.0,1428.9419162443237,1905.255888325765,1.0,0.6267745094402752,116282.80155418333,14826.775620587967
