is_single_mutation,Hold_out_type,n_entries,median_ddG,mean_ddG
False,AB/AG,334,0.9170107327363153,0.9957496011431693
False,Pr/PI,323,2.6608988124166677,3.222089557119894
False,TCR/pMHC,146,0.6645483110057329,0.46162027480179224
True,AB/AG,735,0.7546689969376374,1.1156815757858503
True,"AB/AG,Pr/PI",62,0.3380893944850469,0.6940591919415131
True,Pr/PI,1026,1.056237460706078,1.4187420355584452
True,TCR/pMHC,531,0.5306515616777664,0.7765594704827069
