epoch,train_loss,pr_auc,roc_auc,precision_at_20,recall_at_20,enrichment_at_20,precision_at_50,recall_at_50,enrichment_at_50,precision_at_100,recall_at_100,enrichment_at_100
1,1.3294942241448622,0.12009833635360652,0.6652631578947369,0.1,0.1,2.0,0.12,0.3,2.4,0.09,0.45,1.7999999999999998
2,1.3165789384108324,0.15379730222758256,0.6306578947368421,0.2,0.2,4.0,0.12,0.3,2.4,0.08,0.4,1.5999999999999999
3,1.3108876943588257,0.1183162584281772,0.6198684210526315,0.2,0.2,4.0,0.12,0.3,2.4,0.09,0.45,1.7999999999999998
4,1.3357029832326448,0.07899979699352166,0.606578947368421,0.1,0.1,2.0,0.1,0.25,2.0,0.08,0.4,1.5999999999999999
5,1.3438850091053889,0.07388296753898457,0.599078947368421,0.05,0.05,1.0,0.08,0.2,1.5999999999999999,0.08,0.4,1.5999999999999999
