{
  "seed": 0,
  "mode": "weighted",
  "val_metrics": {
    "pr_auc": 0.07388296753898457,
    "roc_auc": 0.599078947368421,
    "precision_at_20": 0.05,
    "recall_at_20": 0.05,
    "enrichment_at_20": 1.0,
    "precision_at_50": 0.08,
    "recall_at_50": 0.2,
    "enrichment_at_50": 1.5999999999999999,
    "precision_at_100": 0.08,
    "recall_at_100": 0.4,
    "enrichment_at_100": 1.5999999999999999
  },
  "candidate_metrics": {
    "pr_auc": 0.04536638699608889,
    "roc_auc": 0.4671089402444655,
    "precision_at_20": 0.05,
    "recall_at_20": 0.023255813953488372,
    "enrichment_at_20": 1.1627906976744187,
    "precision_at_50": 0.04,
    "recall_at_50": 0.046511627906976744,
    "enrichment_at_50": 0.930232558139535,
    "precision_at_100": 0.03,
    "recall_at_100": 0.06976744186046512,
    "enrichment_at_100": 0.6976744186046512
  }
}