dataset,n_samples,mass_mean_msun,mass_std_msun,mass_p05_msun,mass_p50_msun,mass_p95_msun,spin_mean,spin_std,spin_p05,spin_p50,spin_p95,mass_spin_corr
M33 X-7,1838,15.669945686991296,1.4916658005485204,13.2344736495,15.6612195,18.11000597,0.8292878422894994,0.05524707949904426,0.7249242124,0.8363655172,0.9045675957,0.8845469033376989
IRAS 09149-6206,10000,119836111.788549,70912552.09356456,37270266.765,106263531.2,254103706.51,0.9325970409883099,0.02211101994785058,0.8897907612,0.9358465941,0.9632067853499999,0.009932050607660533
