{
  "mae": 21.14013028156075,
  "rmse": 27.50069362434258,
  "r2": 0.9169218759835573,
  "bias": -0.16769955103996503,
  "pearson_r": 0.9575726722743577
}