{
  "tfidf_vocab_size": 3597,
  "svd_dim": 16,
  "explained_variance_ratio_svd": [
    0.008678870415162777,
    0.05401606607796472,
    0.034616153441259644,
    0.03160922059958496,
    0.028850820402946304,
    0.02263026209621829,
    0.022011586162518502,
    0.01869047103254802,
    0.01560610876173211,
    0.015045218365065519
  ],
  "pca_explained_variance_ratio": [
    0.43346961142078827,
    0.2379761338868658
  ],
  "gmm_components": 8
}