metal,O,OH,delta_O_minus_OH_eV
Cu,0.4965000000000003,0.7465000000000003,-0.25
Ir,-0.06399999999999972,0.1860000000000003,-0.25
Ni,-0.43199999999999983,-0.1819999999999998,-0.25
Pd,-0.24149999999999994,0.00850000000000009,-0.25
Pt,0.028000000000000136,0.27800000000000014,-0.25
Rh,-0.3699999999999998,-0.11999999999999975,-0.25
