system,n_atoms,elements,n_elements,mean_pair_distance_ang,min_pair_distance_ang,max_pair_distance_ang,n_inferred_bonds,radius_of_gyration_ang,total_mass_amu
water_monomer,3,"H,O",2,1.154536012175056,0.9685650182625841,1.526478,2,0.6836480148347946,18.015
gas_O,1,O,1,,,,0,0.0,15.999
gas_OH,2,"H,O",2,1.0,1.0,1.0,1,0.5,17.007
Rxn 1_reactant,8,"C,H",2,2.0695809508995127,0.7071067811865476,3.5355339059327378,8,1.4577379737113252,52.07599999999999
Rxn 1_transition_state,8,"C,H",2,1.9280100478950335,0.7071067811865476,3.324154027718932,8,1.3592277219068187,52.07599999999999
Rxn 11_reactant,5,"C,H,O",3,1.3861545604262733,0.58309518948453,2.1587033144922905,5,0.9243376006633075,31.034
Rxn 11_transition_state,5,"C,H,O",3,1.4893027904853493,0.7810249675906654,2.4515301344262523,5,0.9919677414109795,31.034
Rxn 20_reactant,9,"C,H",2,1.7664599711170634,0.7,2.7950849718747373,9,1.2389511693363868,42.080999999999996
Rxn 20_transition_state,9,"C,H",2,1.939400676479308,0.7,2.7950849718747373,6,1.3463943619080472,42.080999999999996
