reaction,geometry_shift_ang,proxy_barrier_eV,dft_barrier_eV,abs_error_eV
Rxn 1,0.14157090300447936,1.1325672240358349,1.72,0.5874327759641651
Rxn 11,0.10314823005907611,0.8251858404726089,1.74,0.9148141595273911
Rxn 20,0.17294070536224423,1.3835256428979539,1.77,0.38647435710204614
