core,shell,reported_mismatch,radius_ratio_mismatch,abs_error
Na,Rb,0.22,0.33333333333333326,0.11333333333333326
Cu,Ag,0.12,0.125,0.0050000000000000044
Ni,Ag,0.15,0.16129032258064502,0.011290322580645024
Ni,Cu,0.032,0.032258064516129004,0.00025806451612900294
