model,test_r2,test_corr,test_rmse,test_mae
glass10,0.3366960674416377,0.6003774487884198,43.51349153996488,28.99651987869135
glass60,-0.018933191212012757,0.2247907479241487,26.0046919713686,16.16502181635581
