{
  "n_train": 184,
  "best_train_glass10_kpa": 304.60014154281674,
  "fraction_above_1MPa_train": 0.0,
  "best_ei_glassmax_kpa": 321.18895966029726,
  "best_predicted_candidate_kpa": 353.2908704883227,
  "model_10s": {
    "means": [
      0.37409651183465087,
      0.32504743570215255,
      0.12700498272175484,
      0.10196096824282755,
      0.049832240378121624,
      0.022057861249632615
    ],
    "stds": [
      0.16281526695258372,
      0.14706335728062514,
      0.09084485931590976,
      0.09372834276858105,
      0.10232772451889863,
      0.04964161042299377
    ],
    "w": [
      -11.83636995253636,
      15.022036953915965,
      -7.988468473783642,
      3.787967900838112,
      3.6373564511818435,
      -5.712602758674663
    ],
    "b": 49.843612839127395,
    "train_rmse": 34.683552063268216,
    "test_rmse": 43.51349153996488,
    "train_r2": 0.3687634387532843,
    "test_r2": 0.3366960674416377,
    "test_mae": 28.99651987869135,
    "test_corr": 0.6003774487884198
  },
  "model_60s": {
    "means": [
      0.3719548084127284,
      0.3377195155905057,
      0.13914249773377718,
      0.0910399860603299,
      0.038652996731021856,
      0.021490195471636952
    ],
    "stds": [
      0.15698312428287095,
      0.13430752900475856,
      0.09712490276377575,
      0.084951859039754,
      0.0890869567944951,
      0.04619236498367154
    ],
    "w": [
      -2.7964876081342407,
      -2.7398555519455945,
      8.639939513886159,
      -1.3528624797234374,
      0.2462294215898033,
      1.3167470087397368
    ],
    "b": 6.927978896749933,
    "train_rmse": 15.11389769945923,
    "test_rmse": 26.0046919713686,
    "train_r2": 0.2971616870960089,
    "test_r2": -0.018933191212012757,
    "test_mae": 16.16502181635581,
    "test_corr": 0.2247907479241487
  },
  "top_de_novo_designs": [
    {
      "pred_glass10_kpa": 114.28650401654144,
      "pred_glass60_kpa": -5.897573975213727,
      "Nucleophilic-HEA": 0.12055920668583142,
      "Hydrophobic-BA": 0.6416116023984328,
      "Acidic-CBEA": 0.018961580310130097,
      "Cationic-ATAC": 0.10035113366064356,
      "Aromatic-PEA": 0.11360111564631063,
      "Amide-AAm": 0.004915361298651464
    },
    {
      "pred_glass10_kpa": 111.79799793530822,
      "pred_glass60_kpa": -0.7420523641874679,
      "Nucleophilic-HEA": 0.008635362559721759,
      "Hydrophobic-BA": 0.4329677723824819,
      "Acidic-CBEA": 0.03753433738633465,
      "Cationic-ATAC": 0.2857396339468301,
      "Aromatic-PEA": 0.2347424028944604,
      "Amide-AAm": 0.0003804908301711014
    },
    {
      "pred_glass10_kpa": 108.79488267127309,
      "pred_glass60_kpa": -1.247728725583074,
      "Nucleophilic-HEA": 0.0667060161238058,
      "Hydrophobic-BA": 0.4803448320376186,
      "Acidic-CBEA": 0.005704014996348786,
      "Cationic-ATAC": 0.06843969102595701,
      "Aromatic-PEA": 0.3601990933759319,
      "Amide-AAm": 0.018606352440337974
    },
    {
      "pred_glass10_kpa": 108.09436016598391,
      "pred_glass60_kpa": 4.8935329585235365,
      "Nucleophilic-HEA": 0.06513076737427732,
      "Hydrophobic-BA": 0.7093428114478766,
      "Acidic-CBEA": 0.13516651480163577,
      "Cationic-ATAC": 0.055489159160358646,
      "Aromatic-PEA": 0.0157786379622619,
      "Amide-AAm": 0.01909210925358983
    },
    {
      "pred_glass10_kpa": 107.96602424669527,
      "pred_glass60_kpa": -1.5725105428569934,
      "Nucleophilic-HEA": 0.016674365463585975,
      "Hydrophobic-BA": 0.42551333329526214,
      "Acidic-CBEA": 0.0155160460420857,
      "Cationic-ATAC": 0.2759882014619527,
      "Aromatic-PEA": 0.23182450875617638,
      "Amide-AAm": 0.034483544980937156
    },
    {
      "pred_glass10_kpa": 106.35505513692432,
      "pred_glass60_kpa": 3.2167604842835775,
      "Nucleophilic-HEA": 0.00031273127903122414,
      "Hydrophobic-BA": 0.5190224155974301,
      "Acidic-CBEA": 0.1011851216947539,
      "Cationic-ATAC": 0.3095834208820957,
      "Aromatic-PEA": 0.0407586475098576,
      "Amide-AAm": 0.029137663036831594
    },
    {
      "pred_glass10_kpa": 105.96199824325572,
      "pred_glass60_kpa": 0.3092613075020836,
      "Nucleophilic-HEA": 0.017697223632584608,
      "Hydrophobic-BA": 0.42605344307864124,
      "Acidic-CBEA": 0.020979685977462352,
      "Cationic-ATAC": 0.20710840603756747,
      "Aromatic-PEA": 0.2875743689119085,
      "Amide-AAm": 0.04058687236183578
    },
    {
      "pred_glass10_kpa": 105.3523256685081,
      "pred_glass60_kpa": -1.4842714208569445,
      "Nucleophilic-HEA": 0.033954868062244584,
      "Hydrophobic-BA": 0.3597102396025816,
      "Acidic-CBEA": 0.014965351648305945,
      "Cationic-ATAC": 0.2996539125066914,
      "Aromatic-PEA": 0.2801776447611143,
      "Amide-AAm": 0.011537983419062241
    },
    {
      "pred_glass10_kpa": 104.97015769700928,
      "pred_glass60_kpa": 0.7435887556819516,
      "Nucleophilic-HEA": 0.020148152566672475,
      "Hydrophobic-BA": 0.366076278661257,
      "Acidic-CBEA": 0.013233901764547062,
      "Cationic-ATAC": 0.1982525403178852,
      "Aromatic-PEA": 0.37733480420202514,
      "Amide-AAm": 0.024954322487613152
    },
    {
      "pred_glass10_kpa": 103.24624911371703,
      "pred_glass60_kpa": -1.2510219699597895,
      "Nucleophilic-HEA": 0.027289630930272507,
      "Hydrophobic-BA": 0.6662617539341685,
      "Acidic-CBEA": 0.009978456349293749,
      "Cationic-ATAC": 0.10090120635593341,
      "Aromatic-PEA": 0.03204708362901364,
      "Amide-AAm": 0.16352186880131822
    }
  ],
  "avg_top_design_composition": {
    "Nucleophilic-HEA": 0.03771083246780277,
    "Hydrophobic-BA": 0.5026904482435751,
    "Acidic-CBEA": 0.0373225010970898,
    "Cationic-ATAC": 0.1901507305355915,
    "Aromatic-PEA": 0.19740383076490603,
    "Amide-AAm": 0.034721656891034854
  }
}