scenario,scenario_label,best_hex_id,best_country,best_delivered_cost_eur_per_kg,median_delivered_cost_eur_per_kg,p10_delivered_cost_eur_per_kg,p90_delivered_cost_eur_per_kg,iberia_eur_per_kg,share_beating_iberia,north_sea_eur_per_kg,share_beating_north_sea,central_europe_eur_per_kg,share_beating_central_europe
base,Base finance,hex_007,Namibia,3.979486690258556,4.166487723709287,4.0755361562238255,4.302429602055097,3.089664471397206,0.0,3.4352219861671496,0.0,5.182729382642149,1.0
de_risked_africa,African de-risking,hex_007,Namibia,3.418048502397285,3.5731821176296434,3.518148943441296,3.6905227390825424,3.089664471397206,0.0,3.4352219861671496,0.03333333333333333,5.182729382642149,1.0
high_rate_world,High-rate world,hex_007,Namibia,4.5870806787790555,4.802461489990571,4.677452425610564,4.981197898851181,3.7269350984853875,0.0,4.107424973110976,0.0,6.286422838563118,1.0
corridor_policy,De-risked corridor policy,hex_007,Namibia,3.0530835193724024,3.1967035729799496,3.14449990555265,3.309729475887853,2.8915839518569086,0.0,3.2267982057245628,0.7,4.839512403454496,1.0
