carrier,energy_mwh,dispatched_mwh,variable_cost
gas,1351955.90577219,1351955.9057721924,67597795.28860962
nuclear,403200.0,403200.0,4032000.0
onshore wind,2270721.2171139508,2270721.2171139503,0.0
