model,epoch,train_loss,val_loss
identity-free,1,3.707151859998703,2.493828535079956
identity-free,2,2.508757323026657,1.8814369440078735
cross-modal,1,3.510337471961975,2.10574072599411
cross-modal,2,2.1138601154088974,1.5183979868888855
