PopulationSize,mean,std,min,max
100,0.012,0.0,0.012,0.012
1000,0.20285714285714285,0.13174650984805197,0.05,0.4
3000,0.4328571428571429,0.2291807354988842,0.15,0.75
7000,2.685714285714286,2.9496771413317826,0.65,9.0
10000,6.542857142857143,5.690300854043116,1.3,17.0
