tool,auroc,auprc,accuracy,balanced_accuracy,precision,recall,f1,tn,fp,fn,tp,threshold,auroc_bootstrap,auprc_bootstrap,prevalence
Uncalled4,0.9978548046089034,0.9929060118782584,0.9806,0.9801887496856136,0.9295644114921223,0.9794921875,0.9538754160722777,3900,76,21,1003,0.5,"{'mean': 0.9978629427194915, 'ci_low': 0.9969565898020388, 'ci_high': 0.9985842227431142, 'n_boot_valid': 500}","{'mean': 0.9929450673260485, 'ci_low': 0.9902058143695142, 'ci_high': 0.9953932497601968, 'n_boot_valid': 500}",0.2048
Nanopolish,0.9011765907947686,0.7784035914122032,0.877,0.8066524144869216,0.7047047047047047,0.6875,0.6959960454770143,3681,295,320,704,0.5,"{'mean': 0.9009738823269537, 'ci_low': 0.8901667034220356, 'ci_high': 0.9120279219244022, 'n_boot_valid': 500}","{'mean': 0.7786066038159905, 'ci_low': 0.7548287933545935, 'ci_high': 0.8008024273235117, 'n_boot_valid': 500}",0.2048
