{
  "Uncalled4": {
    "auroc": 0.9978548046089034,
    "auprc": 0.9929060118782584,
    "accuracy": 0.9806,
    "balanced_accuracy": 0.9801887496856136,
    "precision": 0.9295644114921223,
    "recall": 0.9794921875,
    "f1": 0.9538754160722777,
    "tn": 3900,
    "fp": 76,
    "fn": 21,
    "tp": 1003,
    "threshold": 0.5,
    "auroc_bootstrap": {
      "mean": 0.9978629427194915,
      "ci_low": 0.9969565898020388,
      "ci_high": 0.9985842227431142,
      "n_boot_valid": 500
    },
    "auprc_bootstrap": {
      "mean": 0.9929450673260485,
      "ci_low": 0.9902058143695142,
      "ci_high": 0.9953932497601968,
      "n_boot_valid": 500
    }
  },
  "Nanopolish": {
    "auroc": 0.9011765907947686,
    "auprc": 0.7784035914122032,
    "accuracy": 0.877,
    "balanced_accuracy": 0.8066524144869216,
    "precision": 0.7047047047047047,
    "recall": 0.6875,
    "f1": 0.6959960454770143,
    "tn": 3681,
    "fp": 295,
    "fn": 320,
    "tp": 704,
    "threshold": 0.5,
    "auroc_bootstrap": {
      "mean": 0.9009738823269537,
      "ci_low": 0.8901667034220356,
      "ci_high": 0.9120279219244022,
      "n_boot_valid": 500
    },
    "auprc_bootstrap": {
      "mean": 0.7786066038159905,
      "ci_low": 0.7548287933545935,
      "ci_high": 0.8008024273235117,
      "n_boot_valid": 500
    }
  }
}