auroc,auprc,accuracy,balanced_accuracy,precision,recall,f1,tn,fp,fn,tp,threshold,tool
0.9011765907947686,0.7784035914122032,0.877,0.8066524144869216,0.7047047047047047,0.6875,0.6959960454770143,3681,295,320,704,0.49999999999999994,Nanopolish
0.9978548046089034,0.9929060118782584,0.9838,0.9724126006036218,0.9672943508424182,0.953125,0.9601574028529267,3943,33,48,976,0.5499999999999999,Uncalled4
