Chemistry,n_kmers,kmer_length,current_mean_mean,current_mean_std,current_mean_min,current_mean_max,current_std_mean,dwell_time_mean,dwell_time_std
DNA R10.4.1 9mer,262144,9,2.3771132631744685e-17,1.0000019073540882,-3.2789043581452644,3.156355198239986,0.12499407030565315,12.540740966796875,8.024062036393799
DNA R9.4.1 6mer,4096,6,1.6479873021779667e-17,1.0001220926687908,-2.8223267334635755,2.903624693668017,0.12457629602574387,12.529052734375,8.059675818029156
RNA R9.4.1 5mer,1024,5,1.951563910473908e-17,1.000488639169156,-2.4602796093744868,2.4082268069952795,0.12468127695394857,12.576171875,8.534334003622433
RNA004 9mer,262144,9,-4.393983413881683e-17,1.0000019073540853,-3.2024809597905404,3.3179590297390766,0.12496064529581649,12.514026641845703,8.021345454635803
