Chemistry_A,Chemistry_B,delta_current_mean,delta_current_std,delta_dwell_time
DNA R10.4.1 9mer,DNA R9.4.1 6mer,2.0816681711721685e-17,0.00041777427990927207,0.011688232421875
DNA R10.4.1 9mer,RNA R9.4.1 5mer,6.938893903907228e-18,0.0003127933517045878,-0.035430908203125
DNA R10.4.1 9mer,RNA004 9mer,7.28583859910259e-17,3.3425009836662856e-05,0.026714324951171875
DNA R9.4.1 6mer,RNA R9.4.1 5mer,-1.3877787807814457e-17,-0.0001049809282046843,-0.047119140625
DNA R9.4.1 6mer,RNA004 9mer,5.204170427930421e-17,-0.0003843492700726092,0.015026092529296875
RNA R9.4.1 5mer,RNA004 9mer,6.591949208711867e-17,-0.0002793683418679249,0.062145233154296875
