method,hotspot_recovery,weighted_detail_fidelity,mean_crop_fraction
guided_crops,0.7532406717050651,0.8443407557369058,0.010023997069215166
random_crops,0.3895942067187214,0.8372526123632792,0.010023997069215166
uniform_crops,0.3741785475936628,0.8364449494804432,0.010023997069215166
global_only,0.36842945981811076,0.8319330352583743,0.0
