method,encoder_resolution,hotspot_recovery,weighted_detail_fidelity
global_only,224,0.2868191765890707,0.7950295666464013
global_only,336,0.36842945981811076,0.8319330352583743
global_only,448,0.4310133577172149,0.857619189592748
guided_crops,224,0.7463416891893844,0.8109010060628256
guided_crops,336,0.7532406717050651,0.8443407557369058
guided_crops,448,0.7612265357706073,0.8676009527218888
uniform_crops,224,0.29311906453855413,0.8007762709474252
uniform_crops,336,0.3741785475936628,0.8364449494804432
uniform_crops,448,0.43577734097681864,0.8612214107139438
