season,electricity_kw,heat_mmbtu,cooling_ton,pv_kw,ghg_ton,temperature_f
autumn,609.9632858510527,154.99352496091507,282.31362656533975,41.32980943006768,387.27752101183495,77.88189747323194
spring,609.7800992459354,155.08492131469689,282.52818896945627,41.367180998987344,387.2375733117743,72.92944705831141
summer,609.9953016621018,155.10160817507006,282.81568390533397,41.31687013649912,387.43283499638915,75.28442938087491
winter,610.1110047663533,154.938964689926,282.20031179008004,41.315054324585915,387.3197269858775,73.91026912975994
