variant,methods,anchors,include_shared,n_hosts,M_B,M_B_err,H0,H0_err_analytic,H0_mc_median,H0_mc_std,H0_mc_p16,H0_mc_p84,delta_vs_baseline
baseline_gls,all,all,True,7,-19.468456102562484,0.03754548622442188,109.26293359525172,1.677740158816079,109.26870347275386,2.3763716749864736,106.93411674031812,111.63037295704754,0.0
diag_only,all,all,False,7,-19.441780033887735,0.03299957310787139,110.56048823499083,1.6464724907243933,110.54508405722594,2.2217227986959447,108.38072571225503,112.7860702969251,1.2975546397391042
cepheid_only,Cepheid,all,True,5,-19.541875032831577,0.04323103208187616,105.69485208950456,1.690355392214175,105.7224278850446,2.517180708464705,103.23074980535151,108.24671218864344,-3.568081505747159
trgb_only,TRGB,all,True,4,-19.26906668112378,0.06284487712399334,120.08298538502314,2.232647032273307,120.06358609856403,3.791296988949897,116.38668897013274,123.88384949321723,10.820051789771412
n4258_only,all,N4258,True,7,-19.404671374059667,0.039833341322012904,112.54757673215329,1.7562205685472423,112.55157448422189,2.5371603422148374,110.06674861981867,115.10836704272374,3.2846431369015647
lmc_only,all,LMC,True,2,-19.860430739778476,0.0850947975652965,91.62008786258019,2.021450711515387,91.68209754214169,3.7810616897949565,87.92638803828464,95.47137120583683,-17.642845732671532
cepheid_n4258,Cepheid,N4258,True,5,-19.467573707445933,0.04721780629523735,109.42055033585204,1.8026867296366116,109.4524053086894,2.769644934691002,106.74225142655462,112.25872348782791,0.15761674060031794
