host,mu_hat,mu_err,n_measurements,methods_used,anchors_used,chi2,dof,reduced_chi2
M101,29.12368794326241,0.06562217234705127,2,"Cepheid,TRGB",N4258,0.00709219858155746,1,0.00709219858155746
NGC1309,32.50481832061069,0.08087862548948704,2,Cepheid,"LMC,N4258",0.0038167938931282517,1,0.0038167938931282517
NGC1316,31.39,0.11629273408085306,1,TRGB,N4258,0.0,0,
NGC1365,31.33210676955454,0.06209178393079211,3,"Cepheid,TRGB","LMC,N4258",0.014907050157839281,2,0.007453525078919641
NGC1448,31.31,0.10355674772799695,1,Cepheid,N4258,0.0,0,
NGC1559,31.419999999999998,0.08674099376880577,1,Cepheid,N4258,1.677535151985139e-27,0,
NGC5643,30.53,0.10781465577554843,1,TRGB,N4258,0.0,0,
