z,m_sbf,err_m_sbf,sigma_v,sigma_mu_pv,sigma_tot_mag,log10_H0,H0
0.023,30.45,0.15,250,0.07873100320956979,0.19927604620685174,2.170065266590772,147.93306880594034
0.031,31.02,0.15,250,0.05841332496193887,0.19215745694237082,2.185699124407451,153.35541811537058
0.045,31.89,0.16,250,0.040240290529335664,0.19552916075955362,2.1735499443485216,149.12482407985598
