host,group,m_sbf,m_sbf_err,mu_hat,mu_err,abs_mag,abs_mag_err,weight
NGC1399,Fornax,28.35,0.17485994395515517,31.417,0.14344336861632886,-3.067,0.17485994395515517,32.70538984824699
NGC1404,Fornax,28.33,0.17485994395515517,31.417,0.14344336861632886,-3.0870000000000033,0.17485994395515517,32.70538984824699
NGC4472,Virgo,28.56,0.1984338680769994,30.977,0.1580379701211073,-2.4170000000000016,0.1984338680769994,25.396180414465665
