z,mB,err_mB,sigma_v,sigma_mu_pv,sigma_tot_mag,log10_H0,H0
0.034,15.12,0.06,250,0.05325920805353249,0.08857881675839722,2.090608399457686,123.19934516663503
0.042,15.68,0.05,250,0.043114596995716785,0.07595085259515738,2.0703787728133314,117.59226966129538
0.055,16.35,0.05,250,0.03292387406945645,0.07066572733347956,2.0534921719096744,113.10770016633548
0.068,17.02,0.05,250,0.026629604026766247,0.0679617491420771,2.011638395121668,102.71607012712852
0.082,17.55,0.06,250,0.02208308626609884,0.07414395615870667,1.9869433347991476,97.03833468140762
