host,mB,err_mB,mu_hat,mu_err,abs_mag,abs_mag_err,weight
NGC1309,12.1,0.05,32.50481832061069,0.08087862548948704,-20.404818320610687,0.0950860245307832,110.6029267797142
NGC1365,11.93,0.06,31.33210676955454,0.06209178393079211,-19.40210676955454,0.08634459816171579,134.13115201208885
NGC1448,11.9,0.05,31.31,0.10355674772799695,-19.409999999999997,0.11499565209172041,75.62008469449485
NGC1559,12.22,0.05,31.419999999999998,0.08674099376880577,-19.199999999999996,0.10011992808627063,99.7605746209098
M101,9.85,0.04,29.12368794326241,0.06562217234705127,-19.27368794326241,0.07685225763467264,169.3116102134527
NGC1316,11.88,0.07,31.39,0.11629273408085306,-19.509999999999998,0.1357350360076572,54.27702996092054
NGC5643,11.56,0.06,30.53,0.10781465577554843,-18.97,0.12338557452149744,65.68575932737784
