,animal_distance,intruder_movement,resident_movement,intruder_shape,resident_shape,other
lab1,-0.09473352682881972,-0.06984874522212714,-0.03897782804052904,-0.028598983500612164,-0.02812091640791112,0.0
lab2,-0.14893444637358047,-0.0362814414155307,-0.028605522954264086,-0.025401919382169773,-0.024136669874454477,0.0
male,-0.07235939357666109,-0.048329174158854696,-0.034087895698341794,-0.02573089922247908,-0.026597637343663428,0.0
female,-0.07038803413189551,-0.13708695643766017,-0.03810029282975714,-0.03172194526310025,-0.03179277133758772,0.0
ri,-0.08084749223825696,-0.06617488399146938,-0.06154142944827207,-0.030527394631563655,-0.025943799690437166,0.0
csds,-0.12582999336066036,-0.05552986283758447,-0.03248607242022866,-0.02985742846874382,-0.025746642912782124,0.0
