,precision,recall,f1-score,support
0,0.9692307692307692,0.9756637168141593,0.9724366041896362,452.0
1,0.835820895522388,0.8,0.8175182481751825,70.0
accuracy,0.9521072796934866,0.9521072796934866,0.9521072796934866,0.9521072796934866
macro avg,0.9025258323765786,0.8878318584070797,0.8949774261824093,522.0
weighted avg,0.9513405562813695,0.9521072796934866,0.9516621120037899,522.0
