,precision,recall,f1-score,support
0,0.9354838709677419,0.9219653179190751,0.9286754002911208,346.0
1,0.850828729281768,0.875,0.8627450980392157,176.0
accuracy,0.9061302681992337,0.9061302681992337,0.9061302681992337,0.9061302681992337
macro avg,0.8931563001247549,0.8984826589595376,0.8957102491651683,522.0
weighted avg,0.9069411412038886,0.9061302681992337,0.9064460263517812,522.0
