purpose,records,share_pct_of_mentions
augment snowpack,516,46.994535519125684
increase precipitation,426,38.79781420765027
suppress hail,80,7.285974499089254
increase runoff,54,4.918032786885246
suppress fog,13,1.1839708561020037
research,9,0.819672131147541
