{
  "host_distance_moduli": {
    "NGC1309": [
      32.50481832061069,
      0.08087862548948704
    ],
    "NGC1365": [
      31.332106769554546,
      0.062091783930792115
    ],
    "NGC1448": [
      31.31,
      0.10355674772799695
    ],
    "NGC1559": [
      31.419999999999998,
      0.08674099376880576
    ],
    "M101": [
      29.12368794326241,
      0.06562217234705127
    ],
    "NGC1316": [
      31.39,
      0.11629273408085306
    ],
    "NGC5643": [
      30.53,
      0.10781465577554844
    ]
  },
  "MB_calibration": {
    "mean": -19.468456102562484,
    "sigma": 0.03754548622442188
  },
  "M_SBF_calibration": {
    "mean": -3.169999999999998,
    "sigma": 0.14142135623730953
  },
  "H0_SNe_Ia": {
    "value": 108.10004034491922,
    "sigma": 1.6658162827156384
  },
  "H0_SBF": {
    "value": 132.1047396317584,
    "sigma": 7.6357700531642685
  },
  "H0_consensus": {
    "value": 108.19906779812804,
    "sigma": 1.6655302439173458,
    "fractional_precision_pct": 1.5393203267007827
  },
  "Hubble_tension_sigma": 23.461727889536437,
  "variants": {
    "Baseline (All)": [
      108.10004034491922,
      1.6658162827156384
    ],
    "N4258 anchor only": [
      111.34641578448017,
      1.7437048030448408
    ],
    "LMC anchor only": [
      90.60004694081582,
      2.0064300596516134
    ],
    "Cepheid only": [
      104.56224802651505,
      1.6782606386641825
    ],
    "TRGB only": [
      118.76896167032977,
      2.2163377726552644
    ]
  }
}