{
  "rmse_with_charge": 0.0002031261673168019,
  "rmse_without_charge": 0.0003551913325264256
}