,fold,fold,roc_auc,roc_auc,average_precision,average_precision,accuracy,accuracy,balanced_accuracy,balanced_accuracy,precision,precision,recall,recall,f1,f1,brier_score,brier_score,threshold,threshold
,mean,std,mean,std,mean,std,mean,std,mean,std,mean,std,mean,std,mean,std,mean,std,mean,std
model,,,,,,,,,,,,,,,,,,,,
hist_gradient_boosting,1.5,0.7071067811865476,0.9903223523694231,0.0002998937106070827,0.928365961180853,0.0017557436454591349,0.9698690476190477,0.0004714045207910975,0.9158257607214317,0.001084783920918337,0.8482847952649809,0.0027140038959001006,0.8483850487988105,0.0018516379488200845,0.8483348094223873,0.002282872181223839,0.0278558858634066,0.00011496758469981321,0.3092066540206555,0.0003766601522236735
logistic_regression,1.5,0.7071067811865476,0.9839839908388013,0.000409978224340381,0.7661917607618596,0.0037665558484438057,0.9644226190476191,0.0008838834764831656,0.9412475060798471,0.0031639154401673928,0.7713001809288735,0.003025978063178724,0.912327215770071,0.006009778563431393,0.8359064815145607,0.004299646913550055,0.0400951445019002,0.0009783861601821862,0.8294440209251903,0.00896614182742728
random_forest,1.5,0.7071067811865476,0.9837743413313509,0.0013278144293593858,0.8844108962453205,0.0108982708454484,0.9605892857142857,0.0015741543819271675,0.8917734133939825,0.0117615102922893,0.7990818688166026,0.001986615353774954,0.8058978430658021,0.024476132176125303,0.802367079528779,0.011134097683055467,0.03669641091784377,0.0004946322271924618,0.3575409496558296,0.011038954800281237
