model,fold,roc_auc,average_precision,accuracy,balanced_accuracy,precision,recall,f1,brier_score,threshold
logistic_regression,1,0.9842738892213713,0.768855117944012,0.965047619047619,0.9434847321426904,0.7734398705370689,0.916576770945703,0.8389467910038398,0.039403321013416315,0.8231040012379361
logistic_regression,2,0.9836940924562314,0.7635284035797071,0.9637976190476191,0.9390102800170039,0.7691604913206781,0.9080776605944392,0.8328661720252817,0.040786967990384095,0.8357840406124445
random_forest,1,0.9847132479185083,0.8921171374633448,0.9617023809523809,0.9000900570786557,0.7976771196283391,0.8232050821047585,0.8102400755028608,0.03634665311580258,0.3497352298593389
random_forest,2,0.9828354347441935,0.8767046550272963,0.9594761904761905,0.8834567697093094,0.8004866180048662,0.7885906040268457,0.794494083554697,0.03704616871988497,0.36534666945232025
hist_gradient_boosting,1,0.9905344092458286,0.9296074594185824,0.970202380952381,0.9165928187880352,0.8502038858239386,0.8496943545487234,0.8499490438223128,0.027774591504648723,0.3094729929684956
hist_gradient_boosting,2,0.9901102954930177,0.9271244629431237,0.9695357142857143,0.9150587026548282,0.8463657047060232,0.8470757430488974,0.8467205750224618,0.027937180222164477,0.3089403150728154
