{
  "train": {
    "name": "train",
    "shape": [
      168000,
      22
    ],
    "positive_rate": 0.09932738095238096,
    "label_counts": {
      "0": 151313,
      "1": 16687
    },
    "degradation_counts": {
      "Mixed": 42000,
      "Misalignment": 42000,
      "Average": 42000,
      "Missing Sections": 42000
    },
    "missing_values": 0
  },
  "test": {
    "name": "test",
    "shape": [
      72000,
      22
    ],
    "positive_rate": 0.10156944444444445,
    "label_counts": {
      "0": 64687,
      "1": 7313
    },
    "degradation_counts": {
      "Mixed": 18000,
      "Misalignment": 18000,
      "Average": 18000,
      "Missing Sections": 18000
    },
    "missing_values": 0
  }
}