degradation,n,roc_auc,average_precision,accuracy,balanced_accuracy,precision,recall,f1,brier_score,threshold
Average,18000,0.9547525687154192,0.7058330603682341,0.9339444444444445,0.8131477641200227,0.6715575620767494,0.6622148024485254,0.66685346035304,0.054709561506997365,0.28885890792546237
Misalignment,18000,0.9973296460829376,0.9708161273437883,0.9842222222222222,0.9771729782490306,0.886943471735868,0.9683233205898416,0.9258485639686684,0.017841837118414684,0.28885890792546237
Missing Sections,18000,0.9972164236443176,0.9736576862820636,0.9809444444444444,0.9797072254189509,0.8553008595988538,0.9781540141998908,0.9126114649681528,0.01880208383363173,0.28885890792546237
Mixed,18000,0.9969176557868458,0.9742512330304604,0.9817222222222223,0.9499455213891685,0.9123850730124392,0.9099244875943905,0.9111531190926276,0.01864519889994521,0.28885890792546237
