host,m_b,err_m_b,mu_host,M_b,baseline_M_b,residual_mag,total_sigma_mag
NGC1309,12.1,0.05,32.50533014504501,-20.405330145045006,-19.457518801484728,-0.9478113435602786,0.42807460315512097
NGC1365,11.93,0.06,31.332420978388082,-19.402420978388083,-19.457518801484728,0.055097823096645016,0.4262820631476401
NGC1448,11.9,0.05,31.312706883344667,-19.41270688334467,-19.457518801484728,0.04481191814005925,0.43226178344044935
NGC1559,12.22,0.05,31.422706883344674,-19.202706883344675,-19.457518801484728,0.254811918140053,0.42854433775645423
M101,9.85,0.04,29.125679054024292,-19.275679054024295,-19.457518801484728,0.1818397474604332,0.4240696124652668
NGC1316,11.88,0.07,31.390962913010284,-19.51096291301028,-19.457518801484728,-0.05344411152555395,0.438031536303555
NGC5643,11.56,0.06,30.530962913010285,-18.970962913010283,-19.457518801484728,0.4865558884744452,0.4343634731379385
