z,m_b,err_m_b,peculiar_velocity_kms,mu_model,mu_inferred,residual_mag,peculiar_velocity_mag,total_sigma_mag
0.034,15.12,0.06,250,34.785334496561006,34.57751880148473,-0.2078156950762775,0.05325920805353249,0.18176353294329847
0.042,15.68,0.05,250,35.257264385228495,35.13751880148473,-0.11974558374376443,0.043114596995716785,0.17595541236245948
0.055,16.35,0.05,250,35.86391659658023,35.80751880148473,-0.05639779509549925,0.03292387406945645,0.17373951809902524
0.068,17.02,0.05,250,36.345530156300505,36.47751880148473,0.13198864518422226,0.026629604026766247,0.17265739044756367
0.082,17.55,0.06,250,36.77432129965791,37.00751880148473,0.2331975018268153,0.02208308626609884,0.17518305101971496
