host,mu_host,mu_host_err
M101,29.125679054024292,0.06288966702371755
NGC1309,32.50533014504501,0.08042350320849485
NGC1316,31.390962913010284,0.1126574489253378
NGC1365,31.332420978388082,0.061939255430793747
NGC1448,31.312706883344667,0.10035100111623393
NGC1559,31.422706883344674,0.08288741415335855
NGC5643,30.530962913010285,0.10388311122778858
