Tool,Average_Precision,AUC_ROC,N_positive,N_total
Uncalled4,0.9929060118782584,0.9978548046089034,1024,5000
Nanopolish,0.7784035914122032,0.9011765907947686,1024,5000
