Model,k-mer length,N k-mers,Mean current (mean),Mean current (std),Std current (mean),Dwell time (mean)
DNA r9.4.1 (6-mer),6,4096,0.0,1.0001220926687904,0.12457629602574388,12.529052734375
DNA r10.4.1 (9-mer),9,262144,1.6479873021779667e-17,1.000001907354097,0.12499407030565314,12.540740966796875
RNA001 (5-mer),5,1024,1.3877787807814457e-17,1.000488639169156,0.12468127695394857,12.576171875
RNA004 (9-mer),9,262144,-4.7704895589362195e-17,1.0000019073540884,0.12496064529581649,12.514026641845703
