Chemistry,Tool,Speedup vs Uncalled4
DNA r9.4,f5c,6.490541255712709
DNA r9.4,Nanopolish,67.04801540206277
DNA r9.4,Tombo,16.229405297648757
DNA r10.4,f5c,28.89795249715948
RNA001,f5c,1.264278656495274
RNA001,Nanopolish,1.739265912290469
RNA001,Tombo,6.749844662103072
RNA004,f5c,1.1348107687391777
