epoch,train_loss,pr_auc,roc_auc,precision_at_20,recall_at_20,enrichment_at_20,precision_at_50,recall_at_50,enrichment_at_50,precision_at_100,recall_at_100,enrichment_at_100
1,1.3293915390968323,0.06386255217030108,0.5694736842105264,0.0,0.0,0.0,0.06,0.15,1.2,0.07,0.35,1.4000000000000001
2,1.3169728379983168,0.07138359670566363,0.5214473684210527,0.05,0.05,1.0,0.12,0.3,2.4,0.06,0.3,1.2
3,1.3099299669265747,0.080057768762889,0.5427631578947367,0.1,0.1,2.0,0.12,0.3,2.4,0.06,0.3,1.2
4,1.3351036860392644,0.06153994030295766,0.5535526315789474,0.0,0.0,0.0,0.1,0.25,2.0,0.05,0.25,1.0
5,1.343161784685575,0.059388519533409116,0.5540789473684211,0.0,0.0,0.0,0.06,0.15,1.2,0.06,0.3,1.2
