dataset,task,num_molecules,num_labeled,positive_rate,avg_num_atoms,avg_mol_weight
bace,label,1513,1513,0.456708526107072,34.08922670191672,479.6716397884999
bbbp,label,2039,2039,0.7650809220205983,24.064737616478666,344.5362898479647
clintox,FDA_APPROVED,1477,1477,0.936357481381178,26.157075152335818,383.2160346601016
clintox,CT_TOX,1477,1477,0.07582938388625593,26.157075152335818,383.2160346601016
hiv,label,41120,41120,0.03509241245136187,25.509606031128406,370.10104812743197
