pseudotime_spearman_vs_full,age_spearman_full,age_spearman_subset,knn_jaccard_vs_full,explained_variance_pc1_full,explained_variance_pc1_subset,n_features
0.1221079988460409,0.430861867101282,0.015162878701891239,0.020023479773231573,59.643911892272016,2.5921660089236154,5
0.12563101194817186,0.430861867101282,0.000998528648720376,0.0327343705428824,59.643911892272016,3.905287911751139,10
0.16993467522795133,0.430861867101282,0.009292060528782056,0.036673491081256344,59.643911892272016,6.060494776425827,15
0.2047241487759919,0.430861867101282,0.024921366863809604,0.04172433832969616,59.643911892272016,8.359545332866066,20
0.30463741957328305,0.430861867101282,0.0876681354330763,0.04707876625964352,59.643911892272016,10.314587587117748,25
0.30446824689476726,0.430861867101282,0.11478074968462854,0.049390965635069596,59.643911892272016,11.003470457835924,30
0.30348166348836675,0.430861867101282,0.10670228528052678,0.05509756028685134,59.643911892272016,14.886274354556173,40
0.33067852323571356,0.430861867101282,0.10952117754113597,0.06386650280838056,59.643911892272016,17.559389113373758,50
