particle_radius_um,exchange_current_scale,electrolyte_diff_scale,solid_diff_scale,thermal_resistance_KW,heat_capacity_scale,aging_resistance_growth,active_material_frac
9.09251235915311,0.9181407966385464,1.3363239430550782,1.3603039064216933,2.7314815312872183,1.01819303575931,0.9004341342135683,0.8981557097686419
