resnum,ddg_mean,ddg_std,n_meas,wt_aa,chain,label
25,5.124739119805931,0.4661071191167104,3,K,A,K25
29,1.6687429409785735,2.5468725719190455,2,Y,D,Y29
33,1.2599390686408847,0.2089871541016268,2,W,A,W33
35,4.285303205544706,0.3064760896203276,2,D,D,D35
38,1.6422043001826225,,1,W,D,W38
39,6.791313678271477,1.2129890035313762,2,D,D,D39
42,1.8571532240948354,,1,T,D,T42
44,0.05645221949810166,,1,W,D,W44
52,-0.5279778761460573,0.5099844441495452,2,D,A,D52
56,3.090269484318414,0.034921830965704725,2,N,A,N56
57,4.487474546757612,1.1443541257851542,5,R,A,R57
58,0.09446933571739954,0.5943399105428911,2,E,A,E58
71,2.261220435764044,0.514707923205818,9,E,A,E71
74,1.0935813114048805,0.38217684565550614,2,E,D,E74
78,0.4766350377673588,0.09345683633639071,2,E,D,E78
81,5.41863580069927,,1,R,A,R81
85,5.756933983733036,0.27387705573621524,2,R,A,R85
100,6.120617037179285,1.0988566265943103,8,H,A,H100
