{
  "n_total_1brs": 94,
  "n_single": 49,
  "n_multi": 45,
  "ddg_mean": 5.062696426548396,
  "ddg_median": 5.637151493990446,
  "ddg_std": 2.6723808351587293,
  "n_hotspots": 12,
  "hotspot_residues": [
    "K25",
    "Y29",
    "D35",
    "W38",
    "D39",
    "T42",
    "N56",
    "R57",
    "E71",
    "R81",
    "R85",
    "H100"
  ],
  "hotspot_ddg_mean": [
    5.124739119805931,
    1.6687429409785735,
    4.285303205544706,
    1.6422043001826225,
    6.791313678271477,
    1.8571532240948354,
    3.090269484318414,
    4.487474546757612,
    2.261220435764044,
    5.41863580069927,
    5.756933983733036,
    6.120617037179285
  ],
  "n_stabilising": 4,
  "n_neutral": 9,
  "n_hotspot_cat": 81
}