{
  "CS2": {
    "objective": 0.1689328237802682,
    "v_rmse": 0.22715719843620247,
    "t_rmse": 0.049613924374632364,
    "cap_abs_err": 0.0
  },
  "NASA": {
    "objective": 0.4410531399935171,
    "v_rmse": 0.21750641419141103,
    "t_rmse": 1.443993250297647,
    "cap_abs_err": 0.0
  },
  "Oxford": {
    "objective": 0.25580457473633206,
    "v_rmse": 0.3051604124540926,
    "t_rmse": 0.2109614300923362,
    "cap_abs_err": 0.0
  }
}