dataset,objective,v_rmse,t_rmse,cap_abs_err,r_p_um,k_ref,d_sei,r_ohm,tau_diff,thermal_gain,thermal_loss,q_loss
CS2,0.1689328237802682,0.22715719843620247,0.049613924374632364,0.0,7.800790484363776,1.0837739968023747,0.1714385074181803,0.05758084394693081,1.0265634029995179,0.8938377152904051,0.7500812793918545,0.0
NASA,0.4410531399935171,0.21750641419141103,1.443993250297647,0.0,7.690723140340642,1.353120601447978,0.190168200552208,0.07227430277736067,0.6529507606047017,3.9796869417743834,0.6298977964496983,0.0
Oxford,0.25580457473633206,0.3051604124540926,0.2109614300923362,0.0,5.333914217113296,1.3522006690346657,0.021655774709296693,0.018675662516899318,1.7695490920068613,3.0760388599250525,1.2,0.0
