{
  "aggregate": {
    "r2_mean": -6.196502086180372,
    "mae_mean": 0.24494136154990098,
    "rmse_mean": 0.4145968764223211
  },
  "per_feature": {
    "capacity_max": {
      "r2": -1.3248235769635355,
      "mae": 0.05556347879706646
    },
    "v_start": {
      "r2": 0.0,
      "mae": 0.10398649306600692
    },
    "v_mid": {
      "r2": -11.709624544300453,
      "mae": 0.10100513361777286
    },
    "v_end": {
      "r2": -7.906599166582275,
      "mae": 0.09419654039043122
    },
    "v_mean": {
      "r2": -9.685278626235071,
      "mae": 0.08182036804392448
    },
    "v_slope": {
      "r2": -4.224689828187594,
      "mae": 0.06736124367845556
    },
    "temp_rise": {
      "r2": 0.9752065020189783,
      "mae": 0.11716361433258132
    },
    "temp_max": {
      "r2": 0.7312020577530354,
      "mae": 0.5863146305933102
    },
    "v_q1": {
      "r2": -34.99113752055675,
      "mae": 0.11983098022131353
    },
    "t_q1": {
      "r2": -0.03393893830728789,
      "mae": 0.4792980752651386
    },
    "v_q2": {
      "r2": -13.257655602923883,
      "mae": 0.08951425295832693
    },
    "t_q2": {
      "r2": 0.09107715362102897,
      "mae": 0.5655951512880236
    },
    "v_q3": {
      "r2": -13.312175774052534,
      "mae": 0.10486383069718147
    },
    "t_q3": {
      "r2": 0.5214530281928706,
      "mae": 0.5393814821115364
    },
    "v_q4": {
      "r2": -10.393635088301872,
      "mae": 0.10030629348099587
    },
    "t_q4": {
      "r2": 0.654072824810245,
      "mae": 0.5626651591807867
    },
    "v_q5": {
      "r2": -8.408549375168732,
      "mae": 0.09619758366294258
    },
    "t_q5": {
      "r2": 0.7380589239371151,
      "mae": 0.5438801965124226
    }
  }
}