dataset,samples,duration_min,voltage_min_v,voltage_max_v,current_mean_a,temperature_available,capacity_end_ah
CS2_36_cycle2_step7,120,39.99351519339225,2.699855327606201,4.013614177703857,1.0999811663463746,False,0.7331979137024869
NASA_B0005_cycle1,120,61.5039,2.654891514337844,4.191491807505295,1.8056021970341403,True,1.8564874208181574
Oxford_ExampleDC_C1,120,52.4,3.62865,4.18354,0.7331617621526616,True,0.48344
