dataset,Qmax_ah,R0_ohm,Rp_ohm,Cp_f,k_diff,eta,mass_kg,cp_jkgk,h_wmk,area_m2,ocv_a0,ocv_a1,ocv_a2,ocv_a3
CS2_36_cycle2_step7,1.0142089172658921,0.16239311388906053,0.07396644276152067,2937.155320900244,0.3228175696857109,0.8978616442264485,0.0333563432722247,1154.3281675088576,34.61317602130473,0.02643928982882751,3.509185069673949,0.6047131387395687,0.02675447891414017,0.01
NASA_B0005_cycle1,1.9142759233335198,0.15729702372260654,0.07296821943746856,250.0,0.35,0.9947157348847537,0.06999875120092305,1215.3053461586978,7.435753236531356,0.012700855826419676,3.7,0.6,0.01,0.01
Oxford_ExampleDC_C1,1.3469425711519385,0.01,0.005,250.0,0.046827469036683535,0.9824252104374027,0.07,1300.0,4.0,0.007,3.3540885117648283,0.6,0.01,0.01
