dataset,voltage_rmse_v,voltage_mae_v,capacity_est_ah,objective,temperature_rmse_c,temperature_mae_c,rmse,mae,r2
CS2_36_cycle2_step7,0.1236813380547254,0.06246632189343728,0.8166095569523077,0.1236813380547254,,,,,
NASA_B0005_cycle1,0.11367250529337206,0.06743308706056748,1.8762715393341358,0.22213355638996657,0.7230736739772968,0.6344269033609476,,,
Oxford_ExampleDC_C1,0.12522465611610287,0.07267103196369842,0.638946276949663,0.16846174300303632,0.28824724591288975,0.24637147343407773,,,
surrogate_validation,,,,,,,1.1795050314919324,0.61408086815625,0.7128781027649271
