{
  "protein_rmsd_by_step": [
    10.816314461695017,
    10.769748712229251,
    10.938159990352018,
    11.314903967272452,
    11.885166877294193,
    12.631353845195035,
    13.539494810184424,
    14.605451476463294,
    15.833030122515945,
    17.150425275158334,
    17.919267370688235,
    16.963434954225143,
    14.9286185459014,
    12.777497443327508,
    10.727825187531087,
    8.78494634015439,
    6.926456447196163,
    5.1320237085660345,
    3.3863838242735507,
    1.6784191303689657,
    3.5058734766020815e-15
  ],
  "ligand_rmsd_by_step": [
    11.80814972241605,
    11.520089307719726,
    11.64304393265759,
    11.501431166554202,
    11.284406466449765,
    10.863628685850546,
    10.636310670272433,
    10.214773375535778,
    10.232349299279065,
    10.552896240339402,
    10.791707150441205,
    11.142652415001505,
    11.455127433316534,
    11.745487572870342,
    11.954880735159962,
    11.603552356200689,
    10.59117935417926,
    9.536805154256673,
    7.807165975095207,
    5.1257249210197156,
    5.1579940364074045e-15
  ]
}