mutation_element,count_selected,n_repetitions,mean_runtime,selection_frequency
mut11,10,10,0.0056195730999999294,1.0
mut12,10,10,0.0056195730999999294,1.0
mut15,10,10,0.0056195730999999294,1.0
mut19,10,10,0.0056195730999999294,1.0
mut20,10,10,0.0056195730999999294,1.0
mut26,10,10,0.0056195730999999294,1.0
mut28,10,10,0.0056195730999999294,1.0
mut33,10,10,0.0056195730999999294,1.0
mut39,10,10,0.0056195730999999294,1.0
mut44,10,10,0.0056195730999999294,1.0
