,All features,Selected
accuracy,0.7729468599033816,0.5966183574879227
nmi,0.03059950636023552,0.01308085936483691
kendall_tau,0.022331293116522072,0.020652299902672012
