{
  "ISTA": {
    "gap_at_5": 105.55347625259975,
    "gap_at_10": 46.661895676494964,
    "gap_at_25": 3.188877348800929,
    "gap_at_50": 0.01360159258524618,
    "gap_at_100": 5.363675086300645e-07,
    "gap_at_250": 1e-16,
    "iter_to_gap_le_0.1": 41,
    "iter_to_gap_le_0.01": 52,
    "iter_to_gap_le_0.001": 63,
    "iter_to_gap_le_0.0001": 74
  },
  "FISTA": {
    "gap_at_5": 78.19217531459293,
    "gap_at_10": 6.562773169026343,
    "gap_at_25": 0.03859603794415989,
    "gap_at_50": 0.0004379538412990769,
    "gap_at_100": 4.3578410213740426e-07,
    "gap_at_250": 1e-16,
    "iter_to_gap_le_0.1": 21,
    "iter_to_gap_le_0.01": 31,
    "iter_to_gap_le_0.001": 42,
    "iter_to_gap_le_0.0001": 54
  },
  "Restarted_FISTA": {
    "gap_at_5": 78.19217531459293,
    "gap_at_10": 6.562773169026343,
    "gap_at_25": 0.0004805168240977764,
    "gap_at_50": 9.657696864451282e-11,
    "gap_at_100": 1e-16,
    "gap_at_250": 1e-16,
    "iter_to_gap_le_0.1": 17,
    "iter_to_gap_le_0.01": 20,
    "iter_to_gap_le_0.001": 23,
    "iter_to_gap_le_0.0001": 29
  },
  "ADMM": {
    "gap_at_5": 548.4245204443823,
    "gap_at_10": 178.13278702014372,
    "gap_at_25": 10.459763551598996,
    "gap_at_50": 1.3130437409443516,
    "gap_at_100": 0.0818521582394851,
    "gap_at_250": 0.0003940070708949861,
    "iter_to_gap_le_0.1": 95,
    "iter_to_gap_le_0.01": 147,
    "iter_to_gap_le_0.001": 222,
    "iter_to_gap_le_0.0001": null
  }
}