{
  "A_cos2": 0.1681301335800599,
  "A_sin2": 0.1655210985992439,
  "B_offset": 0.3336512321793037
}