{
  "images": [
    {
      "file": "data/equation.png",
      "width": 1050,
      "height": 344,
      "mean_rgb": [
        244.91316722037652,
        244.91316722037652,
        244.91316722037652
      ],
      "std_rgb": [
        47.37836073407692,
        47.37836073407692,
        47.37836073407692
      ],
      "grayscale_entropy_proxy": -101.57681735811651,
      "edge_density": 0.017079180509413067
    },
    {
      "file": "data/doge.png",
      "width": 1200,
      "height": 799,
      "mean_rgb": [
        240.9539090529829,
        237.80270129328326,
        231.24575615352524
      ],
      "std_rgb": [
        41.6558628610283,
        47.054203148720376,
        59.24366493370453
      ],
      "grayscale_entropy_proxy": -83.28005113866402,
      "edge_density": 0.016355861493533585
    }
  ]
}