{
  "desi_dvrd": {
    "data": [
      [
        0.295,
        -0.02
      ],
      [
        0.51,
        -0.015
      ],
      [
        0.7,
        -0.012
      ],
      [
        0.934,
        -0.01
      ],
      [
        1.1,
        -0.005
      ],
      [
        1.32,
        0.0
      ],
      [
        2.33,
        0.01
      ]
    ],
    "EDE": [
      [
        0.295,
        -0.009368836990269233
      ],
      [
        0.51,
        -0.012380923987315936
      ],
      [
        0.7,
        -0.013737986410772134
      ],
      [
        0.934,
        -0.013051879251373438
      ],
      [
        1.1,
        -0.011179285272665975
      ],
      [
        1.32,
        -0.007841865484909774
      ],
      [
        2.33,
        -0.00045028479393171916
      ]
    ],
    "w0wa": [
      [
        0.295,
        -0.0044900279583343986
      ],
      [
        0.51,
        -0.005810501871377879
      ],
      [
        0.7,
        -0.006977432306160486
      ],
      [
        0.934,
        -0.008414599262682228
      ],
      [
        1.1,
        -0.009434127958334402
      ],
      [
        1.32,
        -0.010785310567030054
      ],
      [
        2.33,
        -0.01698846708876919
      ]
    ]
  },
  "desi_fap": {
    "data": [
      [
        0.295,
        -0.01
      ],
      [
        0.51,
        0.0
      ],
      [
        0.7,
        0.01
      ],
      [
        0.934,
        0.02
      ],
      [
        1.1,
        0.02
      ],
      [
        1.32,
        0.02
      ],
      [
        2.33,
        -0.03
      ]
    ],
    "EDE": [
      [
        0.295,
        0.007902705749014947
      ],
      [
        0.51,
        0.011538151710501635
      ],
      [
        0.7,
        0.014444282239019352
      ],
      [
        0.934,
        0.01643471109975563
      ],
      [
        1.1,
        0.01629518433090039
      ],
      [
        1.32,
        0.01417754196227324
      ],
      [
        2.33,
        0.0015519616130414374
      ]
    ],
    "w0wa": [
      [
        0.295,
        0.002772962961096175
      ],
      [
        0.51,
        0.0012965681113107676
      ],
      [
        0.7,
        -8.152918732150238e-06
      ],
      [
        0.934,
        -0.0016150198715218509
      ],
      [
        1.1,
        -0.0027549340346119796
      ],
      [
        1.32,
        -0.004265663648345885
      ],
      [
        2.33,
        -0.011201285965942451
      ]
    ]
  },
  "sne_mu": {
    "data": [
      [
        0.1,
        -0.08
      ],
      [
        0.2,
        -0.12
      ],
      [
        0.3,
        -0.1
      ],
      [
        0.4,
        -0.07
      ],
      [
        0.5,
        -0.05
      ],
      [
        0.6,
        -0.02
      ],
      [
        0.7,
        0.0
      ]
    ],
    "EDE": [
      [
        0.1,
        -0.0805571325874997
      ],
      [
        0.2,
        -0.10254768279132682
      ],
      [
        0.3,
        -0.10054768279132682
      ],
      [
        0.4,
        -0.07455713258749971
      ],
      [
        0.5,
        -0.03956507676417711
      ],
      [
        0.6,
        -0.011057252586620773
      ],
      [
        0.7,
        0.005689064294011148
      ]
    ],
    "w0wa": [
      [
        0.1,
        -0.02365021491485613
      ],
      [
        0.2,
        -0.029650214914856133
      ],
      [
        0.3,
        -0.035650214914856135
      ],
      [
        0.4,
        -0.04165021491485614
      ],
      [
        0.5,
        -0.04765021491485613
      ],
      [
        0.6,
        -0.05365021491485614
      ],
      [
        0.7,
        -0.05965021491485613
      ]
    ]
  }
}