parameter,lcdm_mean,lcdm_sigma,ede_mean,ede_sigma,w0wa_mean,w0wa_sigma,ede_minus_lcdm,w0wa_minus_lcdm,ede_sigma_shift,w0wa_sigma_shift
H0,68.12,0.28,70.9,1.0,63.5,1.9,2.780000000000001,-4.6200000000000045,2.6770399748054263,-2.4055975283917057
ln10As,3.056,0.014,3.067,0.017,3.037,0.013,0.01100000000000012,-0.019000000000000128,0.4994842701051552,-0.9945054529214127
ns,0.9672,0.0034,0.9817,0.0063,0.9632,0.0037,0.014500000000000068,-0.0040000000000000036,2.0254478577317863,-0.796029752167992
ombh2,0.02229,0.00012,0.02241,0.00018,0.02218,0.00013,0.00011999999999999858,-0.00011000000000000246,0.5547001962252225,-0.6217567608386575
omega_m,0.3037,0.0037,0.2999,0.0038,0.353,0.021,-0.0038000000000000256,0.049299999999999955,-0.7164711881047933,2.31200738963828
sigma8,0.8101,0.0055,0.8283,0.0093,0.78,0.016,0.018199999999999994,-0.030100000000000016,1.6844632620122773,-1.7790729149422815
tau,0.0621,0.0075,0.0582,0.0074,0.052,0.0071,-0.0039000000000000007,-0.010100000000000005,-0.3701549450728159,-0.9779588566091761
