{
  "desi_dvrd": {
    "EDE": {
      "chi2": 4.056268604430918,
      "reduced_chi2": 0.5794669434901312
    },
    "w0wa": {
      "chi2": 11.586690892463217,
      "reduced_chi2": 1.655241556066174
    },
    "LambdaCDM_null": {
      "chi2": 14.436826814058957,
      "reduced_chi2": 2.062403830579851
    }
  },
  "desi_fap": {
    "EDE": {
      "chi2": 1.9565174868585955,
      "reduced_chi2": 0.2795024981226565
    },
    "w0wa": {
      "chi2": 4.817898120278949,
      "reduced_chi2": 0.6882711600398499
    },
    "LambdaCDM_null": {
      "chi2": 4.0625,
      "reduced_chi2": 0.5803571428571429
    }
  },
  "sne_mu": {
    "EDE": {
      "chi2": 0.14194246864811216,
      "reduced_chi2": 0.02027749552115888
    },
    "w0wa": {
      "chi2": 4.5397477326187055,
      "reduced_chi2": 0.6485353903741008
    },
    "LambdaCDM_null": {
      "chi2": 7.451927437641724,
      "reduced_chi2": 1.0645610625202464
    }
  }
}