parameter,LambdaCDM_mean,LambdaCDM_sigma,EDE_mean,EDE_sigma,w0wa_mean,w0wa_sigma
H0,68.12,0.28,70.9,1.0,63.5,1.9
f_EDE,,,0.093,0.031,,
ln10As,3.056,0.014,3.067,0.017,3.037,0.013
log10_ac,,,-3.564,0.075,,
ns,0.9672,0.0034,0.9817,0.0063,0.9632,0.0037
ombh2,0.02229,0.00012,0.02241,0.00018,0.02218,0.00013
omega_m,0.3037,0.0037,0.2999,0.0038,0.353,0.021
sigma8,0.8101,0.0055,0.8283,0.0093,0.78,0.016
tau,0.0621,0.0075,0.0582,0.0074,0.052,0.0071
w0,,,,,-0.42,0.21
wa,,,,,-1.75,0.58
