{
  "scenario": "gas_price_shock",
  "description": "Fuel-price stress test adding 30 GBP/MWh to gas marginal cost.",
  "objective_gbp": 59683714576.70209,
  "total_demand_mwh": 15939706.029762119,
  "served_mwh": 4025400.8089140616,
  "unserved_mwh": 11914305.220848057,
  "unserved_share": 0.747460787457563,
  "wind_generation_mwh": 2270721.2171139503,
  "wind_available_mwh": 4192662.004779862,
  "wind_curtailment_mwh": 1921940.7876659106,
  "wind_curtailment_share": 0.4584058494280707,
  "gas_generation_mwh": 1351955.90577219,
  "nuclear_generation_mwh": 403200.0,
  "storage_discharge_mwh": 1428.9419162443237,
  "storage_charge_mwh": 1905.255888325765,
  "max_line_utilization": 1.0,
  "mean_line_utilization": 0.6267745094402752,
  "peak_unserved_mw": 116282.80155418333
}