{
  "Ni": {
    "n_atoms": 12,
    "cell_a": 4.978031739553295,
    "cell_b": 4.311101947298393,
    "cell_c": 24.064545895094966,
    "E_O_mace": -4.25,
    "E_OH_mace": -2.8,
    "E_O_dft": -4.55,
    "E_OH_dft": -2.96,
    "d_band_center": -1.29
  },
  "Cu": {
    "n_atoms": 12,
    "cell_a": 5.105310960166873,
    "cell_b": 4.421328985723636,
    "cell_c": 24.168468943549097,
    "E_O_mace": -3.72,
    "E_OH_mace": -2.35,
    "E_O_dft": -3.87,
    "E_OH_dft": -2.51,
    "d_band_center": -2.67
  },
  "Rh": {
    "n_atoms": 12,
    "cell_a": 5.374011537017761,
    "cell_b": 4.654030511288037,
    "cell_c": 24.387862045841153,
    "E_O_mace": -4.52,
    "E_OH_mace": -3.0,
    "E_O_dft": -4.76,
    "E_OH_dft": -3.11,
    "d_band_center": -1.73
  },
  "Pd": {
    "n_atoms": 12,
    "cell_a": 5.50129075763134,
    "cell_b": 4.764257549713281,
    "cell_c": 24.491785094295288,
    "E_O_mace": -3.9,
    "E_OH_mace": -2.55,
    "E_O_dft": -4.03,
    "E_OH_dft": -2.68,
    "d_band_center": -1.83
  },
  "Ir": {
    "n_atoms": 12,
    "cell_a": 5.430580079512685,
    "cell_b": 4.703020306143701,
    "cell_c": 24.434050067376326,
    "E_O_mace": -4.78,
    "E_OH_mace": -3.12,
    "E_O_dft": -5.02,
    "E_OH_dft": -3.28,
    "d_band_center": -2.11
  },
  "Pt": {
    "n_atoms": 12,
    "cell_a": 5.5437171645025325,
    "cell_b": 4.800999895855028,
    "cell_c": 24.526426110446664,
    "E_O_mace": -3.52,
    "E_OH_mace": -2.3,
    "E_O_dft": -3.64,
    "E_OH_dft": -2.41,
    "d_band_center": -2.25
  }
}