,N2vsN3,N2vsN4
count,1200.0,1200.0
mean,3.3523158783457876e-05,0.00011242067511917866
std,4.3152056747278964e-05,0.00020480194748350762
min,1.2371023632642287e-06,1.237320797973349e-06
10%,5.6088893747466295e-06,1.1505287518108567e-05
50%,2.0311833782851758e-05,5.34385905352434e-05
90%,7.230728652897097e-05,0.00026439720171843144
99%,0.000213604958303485,0.0008834756985330718
max,0.0005337088549580625,0.0030616693304919935
